pdbid,chain,residue_id,wild_type,mutant,ddg
1E50,A,66,D,A,0.402
1E50,A,144,K,M,-0.32
1E50,A,106,M,A,-1.32
1E50,A,69,N,A,-0.678
1E50,A,109,N,A,-2.433
1E50,B,63,N,A,-0.91
1E50,B,104,N,A,-1.408
1E50,A,142,R,A,0.191
1E50,B,33,R,A,-1.775
1E50,A,114,S,A,-0.978
1E50,B,65,S,A,-0.115
1E50,A,161,T,A,-2.185
1E50,A,149,T,A,-1.513
1E50,A,159,V,A,0.044
1E50,B,58,V,A,0.0
1E50,A,113,Y,A,-0.945
1E96,A,38,D,N,-2.202
1E96,A,33,I,N,-2.043
1E96,A,132,K,E,0.19
1E96,A,134,L,R,0.127
1E96,A,45,M,T,-0.366
1E96,A,26,N,H,-1.105
1A22,A,182,C,A,-1.019
1A22,B,308,C,A,0.0
1A22,B,322,C,A,0.0
1A22,A,171,D,A,-0.791
1A22,A,26,D,A,0.211
1A22,B,364,D,A,-1.487
1A22,B,405,D,A,0.046
1A22,B,326,D,A,-0.994
1A22,B,332,D,A,-1.086
1A22,A,174,E,A,0.925
1A22,A,186,E,A,0.012
1A22,A,56,E,A,-0.411
1A22,A,65,E,A,0.473
1A22,A,66,E,A,-0.436
1A22,B,242,E,A,-0.179
1A22,B,373,E,A,-0.083
1A22,B,244,E,A,-1.693
1A22,B,375,E,A,0.079
1A22,B,380,E,A,-0.199
1A22,B,407,E,A,0.079
1A22,B,409,E,A,0.062
1A22,B,424,E,A,-0.108
1A22,B,275,E,A,0.094
1A22,B,279,E,A,0.079
1A22,B,282,E,A,-0.783
1A22,B,291,E,A,-0.178
1A22,B,320,E,A,0.182
1A22,B,327,E,A,-0.971
1A22,A,10,F,A,-1.05
1A22,A,176,F,A,-0.411
1A22,A,176,F,Y,-1.27
1A22,A,191,F,A,-0.192
1A22,A,25,F,A,0.447
1A22,A,54,F,A,-0.879
1A22,B,296,F,S,-0.05
1A22,B,300,F,A,0.015
1A22,A,187,G,A,-0.346
1A22,A,18,H,A,0.486
1A22,A,21,H,A,-0.155
1A22,A,179,I,A,-0.806
1A22,A,4,I,A,-0.411
1A22,A,58,I,A,-1.66
1A22,A,58,I,L,-0.316
1A22,B,365,I,A,-2.131
1A22,B,303,I,A,-1.608
1A22,B,305,I,A,-1.941
1A22,B,328,I,A,-0.588
1A22,A,168,K,A,0.155
1A22,A,172,K,A,-2.015
1A22,A,70,K,A,-0.522
1A22,B,367,K,A,0.018
1A22,B,379,K,A,0.0
1A22,B,403,K,A,-0.24
1A22,B,406,K,A,-0.199
1A22,B,415,K,A,-0.785
1A22,B,281,K,A,-0.144
1A22,B,310,K,A,-0.043
1A22,B,321,K,A,-0.081
1A22,A,15,L,A,-0.153
1A22,A,45,L,A,-1.225
1A22,A,6,L,A,-0.639
1A22,A,73,L,A,0.206
1A22,A,9,L,A,0.036
1A22,A,14,M,A,0.0
1A22,A,12,N,A,-0.096
1A22,A,63,N,A,-0.314
1A22,B,418,N,A,-0.296
1A22,B,272,N,A,-0.274
1A22,B,297,N,A,0.255
1A22,A,2,P,A,0.055
1A22,A,48,P,A,-0.411
1A22,A,59,P,A,-0.384
1A22,A,5,P,A,-0.436
1A22,A,61,P,A,-1.209
1A22,B,306,P,A,-3.306
1A22,B,241,P,A,-0.26
1A22,A,181,Q,A,-0.274
1A22,A,22,Q,A,0.22
1A22,A,29,Q,A,0.589
1A22,A,46,Q,A,-0.108
1A22,A,68,Q,A,-0.588
1A22,A,69,Q,A,0.055
1A22,B,366,Q,A,-0.017
1A22,B,416,Q,A,-0.891
1A22,B,274,Q,A,0.0
1A22,B,278,Q,A,0.411
1A22,B,330,Q,A,0.03
1A22,A,167,R,A,-0.278
1A22,A,178,R,A,-2.426
1A22,A,178,R,K,-0.954
1A22,A,178,R,N,-1.27
1A22,A,16,R,A,-0.24
1A22,A,183,R,A,-0.543
1A22,A,19,R,A,-0.05
1A22,A,64,R,A,-1.643
1A22,A,64,R,K,0.314
1A22,A,8,R,A,-0.204
1A22,B,243,R,A,-2.116
1A22,B,243,R,L,-0.522
1A22,B,243,R,M,-1.0
1A22,B,411,R,A,-0.056
1A22,B,413,R,A,0.191
1A22,B,417,R,A,-0.274
1A22,B,270,R,A,-0.69
1A22,B,271,R,A,-0.536
1A22,B,239,R,A,-0.269
1A22,A,184,S,A,0.055
1A22,A,188,S,A,0.206
1A22,A,51,S,A,-0.348
1A22,A,55,S,A,-0.111
1A22,A,57,S,A,-0.204
1A22,A,62,S,A,-0.155
1A22,A,71,S,A,-0.411
1A22,A,7,S,A,-0.346
1A22,B,247,S,A,0.015
1A22,B,419,S,A,-0.034
1A22,B,298,S,A,0.055
1A22,B,299,S,A,0.507
1A22,B,302,S,A,0.182
1A22,B,324,S,A,-0.274
1A22,A,175,T,A,-1.907
1A22,A,175,T,S,-1.691
1A22,A,3,T,A,0.055
1A22,B,394,T,A,-0.204
1A22,B,395,T,A,0.094
1A22,B,251,T,A,-0.07
1A22,B,273,T,A,-0.111
1A22,B,277,T,A,-0.204
1A22,B,301,T,A,-1.762
1A22,A,180,V,A,0.0
1A22,A,185,V,A,-0.879
1A22,B,371,V,A,0.617
1A22,B,325,V,A,-1.142
1A22,B,329,V,A,0.046
1A22,B,369,W,A,-4.732
1A22,B,276,W,A,-0.514
1A22,B,280,W,A,0.018
1A22,B,304,W,A,-4.732
1A22,B,304,W,F,-2.785
1A22,A,164,Y,A,-0.348
1A22,A,42,Y,A,-0.199
1A22,B,295,Y,A,-0.199
1A4Y,A,435,D,A,-3.486
1A4Y,A,287,E,A,-0.101
1A4Y,A,344,E,A,-0.179
1A4Y,A,401,E,A,-0.884
1A4Y,B,108,E,A,0.323
1A4Y,B,114,H,A,-0.657
1A4Y,B,13,H,A,0.297
1A4Y,B,84,H,A,-0.17
1A4Y,B,8,H,A,-0.904
1A4Y,A,459,I,A,-0.679
1A4Y,A,320,K,A,0.31
1A4Y,B,40,K,G,-3.237
1A4Y,B,40,K,Q,-4.252
1A4Y,B,68,N,A,-0.118
1A4Y,B,12,Q,A,-0.3
1A4Y,A,457,R,A,0.224
1A4Y,B,31,R,A,-0.251
1A4Y,B,32,R,A,-0.91
1A4Y,B,33,R,A,-0.327
1A4Y,B,5,R,A,-2.309
1A4Y,B,66,R,A,-0.203
1A4Y,B,70,R,A,0.232
1A4Y,A,289,S,A,-0.042
1A4Y,A,261,W,A,-0.101
1A4Y,A,263,W,A,-1.171
1A4Y,A,318,W,A,-1.501
1A4Y,A,375,W,A,-1.035
1A4Y,B,89,W,A,-0.24
1A4Y,A,434,Y,A,-3.262
1A4Y,A,434,Y,F,-0.558
1A4Y,A,437,Y,A,-0.836
1A4Y,A,437,Y,F,-0.245
1ACB,I,45,L,D,-6.867
1ACB,I,45,L,E,-6.646
1ACB,I,45,L,G,-6.118
1ACB,I,45,L,I,-4.29
1ACB,I,45,L,P,-6.949
1ACB,I,45,L,S,-5.021
1AHW,C,178,D,A,0.485
1AHW,C,176,L,A,-0.987
1AHW,C,199,N,A,-1.079
1AHW,C,167,T,A,0.074
1AHW,C,170,T,A,-1.106
1AHW,C,197,T,A,-1.346
1AHW,C,198,V,A,0.314
1AHW,C,156,Y,A,-3.807
1AHW,C,157,Y,A,1.89
1AK4,D,488,A,G,-2.655
1AK4,D,488,A,V,-0.77
1AK4,D,492,A,G,-0.581
1AK4,D,492,A,V,-0.359
1AK4,D,489,G,A,-2.077
1AK4,D,489,G,V,-3.031
1AK4,D,487,H,A,-1.01
1AK4,D,487,H,Q,-0.973
1AK4,D,487,H,R,-1.646
1AK4,D,491,I,A,-0.24
1AK4,D,491,I,V,0.0
1AK4,D,485,P,A,-1.086
1AK4,D,490,P,A,-2.173
1AK4,D,490,P,V,-3.031
1AK4,D,493,P,A,-0.683
1AK4,D,486,V,A,-0.992
1AO7,A,149,A,G,0.154
1AO7,A,150,A,G,-0.062
1AO7,A,150,A,P,-1.004
1AO7,A,158,A,G,-0.312
1AO7,A,69,A,G,-1.182
1AO7,E,52,A,P,0.326
1AO7,E,99,A,K,-0.062
1AO7,E,99,A,M,0.309
1AO7,A,61,D,A,-0.38
1AO7,D,26,D,A,-0.979
1AO7,D,26,D,M,-0.211
1AO7,D,26,D,V,-1.364
1AO7,D,26,D,W,1.08
1AO7,D,99,D,A,-0.78
1AO7,D,99,D,N,-2.46
1AO7,A,154,E,A,-0.362
1AO7,A,166,E,A,-3.867
1AO7,A,55,E,A,-0.856
1AO7,A,58,E,A,0.72
1AO7,A,63,E,A,-0.159
1AO7,E,30,E,A,-2.022
1AO7,D,28,G,A,-0.543
1AO7,D,28,G,I,0.28
1AO7,D,28,G,L,0.467
1AO7,D,28,G,M,0.519
1AO7,D,28,G,R,-2.318
1AO7,D,28,G,T,0.759
1AO7,D,28,G,V,-0.543
1AO7,E,100,G,S,0.341
1AO7,E,101,G,A,1.091
1AO7,E,101,G,P,-0.45
1AO7,A,151,H,A,0.303
1AO7,A,70,H,A,-3.156
1AO7,A,74,H,A,-1.604
1AO7,E,54,I,R,-1.364
1AO7,A,146,K,A,-0.462
1AO7,A,66,K,A,-2.935
1AO7,A,68,K,A,-0.194
1AO7,D,68,K,A,-1.292
1AO7,D,68,K,H,-0.954
1AO7,D,103,K,P,0.268
1AO7,C,1,L,A,-0.701
1AO7,D,52,N,A,-0.355
1AO7,E,103,P,A,-1.149
1AO7,A,155,Q,A,-0.412
1AO7,A,43,Q,A,-0.029
1AO7,A,72,Q,A,-0.357
1AO7,D,30,Q,E,-0.411
1AO7,D,30,Q,L,-1.834
1AO7,D,30,Q,N,-0.713
1AO7,D,30,Q,V,0.167
1AO7,A,170,R,A,0.264
1AO7,A,65,R,A,-3.23
1AO7,A,75,R,A,-0.535
1AO7,D,27,R,A,-0.547
1AO7,D,27,R,F,0.199
1AO7,D,27,R,P,-0.308
1AO7,E,95,R,A,-0.453
1AO7,E,102,R,A,-0.065
1AO7,E,102,R,P,1.942
1AO7,E,102,R,Q,-0.411
1AO7,D,29,S,A,-0.303
1AO7,D,31,S,A,-1.023
1AO7,D,51,S,M,0.378
1AO7,D,100,S,A,0.475
1AO7,D,100,S,N,-1.907
1AO7,D,100,S,T,0.493
1AO7,D,100,S,Y,-2.318
1AO7,A,163,T,A,-0.489
1AO7,A,64,T,A,0.076
1AO7,A,73,T,A,-0.767
1AO7,A,80,T,A,-0.076
1AO7,D,93,T,A,-0.958
1AO7,D,98,T,A,-1.947
1AO7,A,152,V,A,0.194
1AO7,A,67,V,A,0.558
1AO7,A,76,V,A,-0.597
1AO7,C,7,V,R,-1.225
1AO7,A,167,W,A,-1.2
1AO7,D,101,W,A,-2.224
1AO7,A,159,Y,A,-3.245
1AO7,C,5,Y,A,-1.533
1AO7,C,5,Y,F,0.125
1AO7,C,5,Y,W,-0.889
1AO7,C,8,Y,A,-3.168
1AO7,D,50,Y,A,-0.498
1B2S,A,27,A,K,3.866
1B2S,D,43,A,T,0.343
1B2U,A,27,A,K,5.046
1B2U,D,36,A,D,4.168
1B3S,A,102,A,H,5.682
1B3S,D,30,F,Y,-0.596
1B41,B,12,A,S,-0.707
1B41,B,29,H,K,0.888
1B41,B,29,H,R,0.409
1B41,B,32,K,R,-0.391
1B41,B,35,L,W,-1.305
1B41,B,33,M,F,-0.779
1B41,B,33,M,L,-1.811
1B41,B,33,M,Q,-1.596
1B41,B,33,M,Y,-0.707
1B41,B,47,N,F,0.142
1B41,B,47,N,R,0.03
1B41,B,47,N,W,-0.037
1B41,B,11,R,K,-0.625
1B41,B,27,R,F,-2.108
1B41,B,27,R,M,-1.484
1B41,B,27,R,Y,-2.397
1B41,B,8,T,V,-1.136
1B41,B,9,T,I,-0.025
1B41,B,9,T,N,-3.611
1B41,B,34,V,T,-1.214
1BD2,D,30,D,N,-1.919
1BD2,D,94,E,A,-1.316
1BD2,E,30,E,A,-2.835
1BD2,A,65,R,A,-2.499
1BD2,C,5,Y,A,-3.408
1BD2,C,5,Y,F,-0.734
1BD2,C,5,Y,W,-1.929
1BD2,C,8,Y,A,-2.76
1BD2,E,104,Y,A,-0.217
1BJ1,H,101,H,Y,1.584
1BJ1,H,107,H,A,-0.79
1BJ1,H,31,N,H,0.763
1BJ1,H,105,S,T,0.391
1BJ1,H,28,T,D,0.22
1BJ1,H,59,T,A,-0.851
1BJ1,H,27,Y,A,-2.244
1BJ1,H,54,Y,A,-1.328
1BJ1,H,54,Y,W,0.137
1BJ1,H,99,Y,A,-4.441
1BP3,A,171,D,A,-0.068
1BP3,A,26,D,E,-0.383
1BP3,A,174,E,A,-3.493
1BP3,A,186,E,A,0.0
1BP3,A,56,E,A,0.119
1BP3,A,65,E,A,-0.546
1BP3,A,66,E,A,-0.068
1BP3,A,10,F,A,0.0
1BP3,A,176,F,A,-1.911
1BP3,A,25,F,A,-1.15
1BP3,A,54,F,A,-0.21
1BP3,A,187,G,A,0.0
1BP3,A,18,H,A,-2.912
1BP3,A,21,H,A,-2.672
1BP3,A,179,I,A,-0.354
1BP3,A,179,I,M,0.164
1BP3,A,58,I,A,-1.729
1BP3,A,168,K,A,-1.728
1BP3,A,172,K,A,-3.191
1BP3,A,70,K,A,-0.246
1BP3,A,15,L,A,0.0
1BP3,A,73,L,A,-0.354
1BP3,A,12,N,A,0.297
1BP3,A,63,N,A,-0.856
1BP3,A,59,P,A,-0.157
1BP3,A,181,Q,A,0.0
1BP3,A,68,Q,A,-0.114
1BP3,A,69,Q,A,0.214
1BP3,A,167,R,A,-3.928
1BP3,A,16,R,A,0.0
1BP3,A,178,R,A,-1.15
1BP3,A,183,R,A,-0.567
1BP3,A,19,R,A,0.0
1BP3,A,64,R,A,-0.354
1BP3,A,184,S,A,0.119
1BP3,A,188,S,A,0.297
1BP3,A,55,S,A,-0.246
1BP3,A,57,S,A,-0.035
1BP3,A,62,S,A,-1.416
1BP3,A,71,S,A,-0.614
1BP3,A,175,T,S,-0.494
1BP3,A,180,V,A,0.297
1BP3,A,185,V,A,-0.281
1BP3,A,160,Y,A,-0.21
1BP3,A,164,Y,A,-0.446
1BRS,A,54,D,A,0.889
1BRS,D,35,D,A,-4.503
1BRS,D,39,D,A,-7.651
1BRS,A,60,E,A,0.326
1BRS,A,73,E,A,-2.348
1BRS,A,73,E,C,-2.529
1BRS,A,73,E,F,-2.235
1BRS,A,73,E,Q,-1.452
1BRS,A,73,E,S,-3.01
1BRS,A,73,E,W,-1.657
1BRS,A,73,E,Y,-2.414
1BRS,D,76,E,A,-1.364
1BRS,D,80,E,A,-0.543
1BRS,A,102,H,A,-6.146
1BRS,A,102,H,D,-4.551
1BRS,A,102,H,G,-6.821
1BRS,A,102,H,L,-7.666
1BRS,A,102,H,Q,-4.551
1BRS,A,27,K,A,-5.381
1BRS,A,58,N,A,-3.066
1BRS,A,59,R,A,-5.245
1BRS,A,59,R,K,-2.488
1BRS,A,83,R,Q,-5.42
1BRS,A,87,R,A,-5.565
1BRS,D,42,T,A,-1.858
1BRS,A,35,W,F,-1.408
1BRS,D,38,W,F,-1.643
1BRS,D,44,W,F,-0.056
1BRS,D,29,Y,A,-3.471
1BRS,D,29,Y,F,0.132
1C1Y,A,38,D,A,-2.62
1C1Y,A,31,K,E,1.775
1C1Y,B,65,K,A,-1.109
1C1Y,B,65,K,E,-0.891
1C1Y,B,65,K,M,-0.713
1C1Y,B,84,K,A,-1.313
1C1Y,B,84,K,E,-2.233
1C1Y,B,64,N,A,-0.502
1C1Y,B,64,N,D,-1.476
1C1Y,B,66,Q,A,-1.581
1C1Y,B,67,R,A,-1.456
1C1Y,B,89,R,L,-2.62
1C1Y,B,59,R,A,-1.907
1C1Y,B,68,T,A,-1.456
1C1Y,B,69,V,A,-1.124
1C4Z,D,59,A,G,-0.566
1C4Z,D,98,A,G,-0.411
1C4Z,A,820,C,A,-0.108
1C4Z,A,641,D,A,0.387
1C4Z,A,641,D,K,-0.208
1C4Z,A,652,D,A,-0.519
1C4Z,A,652,D,R,-1.376
1C4Z,D,60,E,A,-0.088
1C4Z,D,60,E,R,-0.067
1C4Z,D,93,E,A,0.435
1C4Z,D,93,E,R,1.003
1C4Z,A,690,F,A,-1.596
1C4Z,D,63,F,A,-3.014
1C4Z,A,655,I,A,-0.411
1C4Z,A,659,I,A,0.089
1C4Z,D,64,K,A,-0.293
1C4Z,D,64,K,E,-0.725
1C4Z,D,9,K,A,-0.61
1C4Z,D,9,K,E,-1.555
1C4Z,D,96,K,A,-1.136
1C4Z,D,96,K,E,-1.17
1C4Z,D,100,K,A,-1.302
1C4Z,D,100,K,E,-1.421
1C4Z,A,635,L,A,-1.217
1C4Z,A,639,L,A,-0.999
1C4Z,A,642,L,A,-1.974
1C4Z,D,33,L,A,0.344
1C4Z,A,653,M,A,-1.93
1C4Z,A,654,M,A,-0.759
1C4Z,A,670,M,A,0.573
1C4Z,D,31,N,A,0.178
1C4Z,D,62,P,A,-1.41
1C4Z,D,97,P,A,-0.85
1C4Z,A,637,Q,A,0.387
1C4Z,D,5,R,A,-0.519
1C4Z,D,5,R,E,-1.288
1C4Z,D,6,R,A,-0.467
1C4Z,D,6,R,E,-1.186
1C4Z,D,52,R,A,0.012
1C4Z,A,638,S,A,-0.411
1C4Z,A,660,S,A,0.411
1C4Z,D,4,S,A,-0.566
1C4Z,A,656,T,A,-0.566
1C4Z,A,662,T,A,0.132
1C4Z,A,634,V,A,-0.566
1C4Z,D,95,W,A,-0.821
1C4Z,A,645,Y,A,-1.288
1C4Z,A,694,Y,L,-0.821
1CBW,I,33,F,A,-0.143
1CBW,I,12,G,A,-0.602
1CBW,I,36,G,A,-0.901
1CBW,I,37,G,A,-0.801
1CBW,I,18,I,A,-1.416
1CBW,I,19,I,A,-0.1
1CBW,I,15,K,A,-2.002
1CBW,I,15,K,D,-5.271
1CBW,I,15,K,E,-3.907
1CBW,I,15,K,F,1.985
1CBW,I,15,K,G,-4.156
1CBW,I,15,K,H,-0.1
1CBW,I,15,K,I,-2.962
1CBW,I,15,K,L,1.597
1CBW,I,15,K,M,1.442
1CBW,I,15,K,N,-1.338
1CBW,I,15,K,Q,-0.309
1CBW,I,15,K,R,0.62
1CBW,I,15,K,S,-3.426
1CBW,I,15,K,T,-2.108
1CBW,I,15,K,V,-2.158
1CBW,I,15,K,W,2.461
1CBW,I,15,K,Y,2.641
1CBW,I,46,K,A,-0.1
1CBW,I,13,P,A,0.1
1CBW,I,17,R,A,-0.501
1CBW,I,20,R,A,-0.301
1CBW,I,39,R,A,-0.2
1CBW,I,11,T,A,-0.2
1CBW,I,34,V,A,0.0
1CBW,I,35,Y,A,-0.801
1CHO,I,15,A,C,0.327
1CHO,I,15,A,D,0.0
1CHO,I,15,A,E,-0.225
1CHO,I,15,A,F,0.735
1CHO,I,15,A,G,-0.066
1CHO,I,15,A,H,0.327
1CHO,I,15,A,I,-0.655
1CHO,I,15,A,K,-2.499
1CHO,I,15,A,L,-0.141
1CHO,I,15,A,M,-0.141
1CHO,I,15,A,N,0.289
1CHO,I,15,A,P,-3.109
1CHO,I,15,A,Q,-0.442
1CHO,I,15,A,R,-0.469
1CHO,I,15,A,S,-0.066
1CHO,I,15,A,T,-0.969
1CHO,I,15,A,V,-0.954
1CHO,I,15,A,W,1.925
1CHO,I,15,A,Y,0.876
1CHO,I,19,E,A,-2.333
1CHO,I,19,E,C,-2.728
1CHO,I,19,E,D,-0.882
1CHO,I,19,E,F,-3.623
1CHO,I,19,E,G,-3.623
1CHO,I,19,E,H,-2.09
1CHO,I,19,E,I,-2.642
1CHO,I,19,E,K,-3.595
1CHO,I,19,E,L,-2.869
1CHO,I,19,E,M,-2.698
1CHO,I,19,E,N,-2.333
1CHO,I,19,E,P,-2.591
1CHO,I,19,E,Q,-1.334
1CHO,I,19,E,R,-3.682
1CHO,I,19,E,S,-2.794
1CHO,I,19,E,T,-2.909
1CHO,I,19,E,V,-2.439
1CHO,I,19,E,W,-3.16
1CHO,I,19,E,Y,-2.669
1CHO,I,32,G,A,1.092
1CHO,I,32,G,C,-2.543
1CHO,I,32,G,D,-3.109
1CHO,I,32,G,E,-2.616
1CHO,I,32,G,F,-0.102
1CHO,I,32,G,H,0.984
1CHO,I,32,G,I,-2.367
1CHO,I,32,G,K,-1.589
1CHO,I,32,G,L,-1.751
1CHO,I,32,G,M,-1.637
1CHO,I,32,G,N,-0.954
1CHO,I,32,G,P,-0.324
1CHO,I,32,G,Q,-2.384
1CHO,I,32,G,R,-1.745
1CHO,I,32,G,S,0.138
1CHO,I,32,G,T,-2.076
1CHO,I,32,G,V,-0.702
1CHO,I,32,G,W,-1.057
1CHO,I,32,G,Y,0.984
1CHO,I,13,K,A,-0.181
1CHO,I,13,K,C,-0.503
1CHO,I,13,K,D,0.511
1CHO,I,13,K,E,-0.181
1CHO,I,13,K,F,-1.093
1CHO,I,13,K,G,-1.822
1CHO,I,13,K,H,-0.141
1CHO,I,13,K,I,-1.545
1CHO,I,13,K,L,-0.381
1CHO,I,13,K,M,-0.426
1CHO,I,13,K,N,0.361
1CHO,I,13,K,P,-2.076
1CHO,I,13,K,Q,0.573
1CHO,I,13,K,R,0.378
1CHO,I,13,K,S,0.427
1CHO,I,13,K,T,-0.381
1CHO,I,13,K,V,-1.202
1CHO,I,13,K,W,-1.02
1CHO,I,13,K,Y,-1.075
1CHO,I,18,L,A,-4.766
1CHO,I,18,L,C,-2.642
1CHO,I,18,L,D,-7.201
1CHO,I,18,L,E,-6.659
1CHO,I,18,L,F,1.502
1CHO,I,18,L,G,-6.085
1CHO,I,18,L,H,-3.001
1CHO,I,18,L,I,-4.479
1CHO,I,18,L,K,-4.473
1CHO,I,18,L,M,-0.381
1CHO,I,18,L,N,-3.357
1CHO,I,18,L,P,-8.802
1CHO,I,18,L,Q,-2.953
1CHO,I,18,L,R,-4.007
1CHO,I,18,L,S,-4.987
1CHO,I,18,L,T,-4.485
1CHO,I,18,L,V,-4.274
1CHO,I,18,L,W,1.691
1CHO,I,18,L,Y,2.225
1CHO,I,28,N,S,0.0
1CHO,I,36,N,A,1.364
1CHO,I,36,N,C,0.113
1CHO,I,36,N,D,1.04
1CHO,I,36,N,E,-2.333
1CHO,I,36,N,F,-2.367
1CHO,I,36,N,G,1.394
1CHO,I,36,N,H,0.735
1CHO,I,36,N,I,0.03
1CHO,I,36,N,K,-2.333
1CHO,I,36,N,L,-0.617
1CHO,I,36,N,M,0.208
1CHO,I,36,N,P,1.834
1CHO,I,36,N,Q,0.185
1CHO,I,36,N,R,-1.589
1CHO,I,36,N,S,1.477
1CHO,I,36,N,T,1.298
1CHO,I,36,N,V,-0.033
1CHO,I,36,N,W,-2.179
1CHO,I,36,N,Y,-2.566
1CHO,I,14,P,A,-0.381
1CHO,I,14,P,C,0.984
1CHO,I,14,P,D,0.851
1CHO,I,14,P,E,0.72
1CHO,I,14,P,F,0.308
1CHO,I,14,P,G,-0.636
1CHO,I,14,P,H,0.113
1CHO,I,14,P,I,0.511
1CHO,I,14,P,K,-0.387
1CHO,I,14,P,L,0.525
1CHO,I,14,P,M,0.828
1CHO,I,14,P,N,0.78
1CHO,I,14,P,Q,0.728
1CHO,I,14,P,R,-0.398
1CHO,I,14,P,S,0.441
1CHO,I,14,P,T,0.55
1CHO,I,14,P,V,0.55
1CHO,I,14,P,W,0.208
1CHO,I,14,P,Y,0.395
1CHO,I,21,R,A,-3.192
1CHO,I,21,R,C,-3.52
1CHO,I,21,R,D,-3.783
1CHO,I,21,R,E,-3.52
1CHO,I,21,R,F,-2.953
1CHO,I,21,R,G,-3.486
1CHO,I,21,R,H,-2.794
1CHO,I,21,R,I,-2.109
1CHO,I,21,R,K,-0.663
1CHO,I,21,R,L,-2.831
1CHO,I,21,R,M,-2.616
1CHO,I,21,R,N,-3.52
1CHO,I,21,R,P,-7.289
1CHO,I,21,R,Q,-2.478
1CHO,I,21,R,S,-3.187
1CHO,I,21,R,T,-2.669
1CHO,I,21,R,V,-2.066
1CHO,I,21,R,W,-2.439
1CHO,I,21,R,Y,-3.001
1CHO,I,17,T,A,-4.159
1CHO,I,17,T,C,-3.329
1CHO,I,17,T,D,-6.821
1CHO,I,17,T,E,-6.426
1CHO,I,17,T,F,-4.233
1CHO,I,17,T,G,-5.294
1CHO,I,17,T,H,-3.652
1CHO,I,17,T,I,-3.652
1CHO,I,17,T,K,-4.093
1CHO,I,17,T,L,-4.417
1CHO,I,17,T,M,-3.955
1CHO,I,17,T,N,-4.318
1CHO,I,17,T,P,-4.233
1CHO,I,17,T,Q,-3.682
1CHO,I,17,T,R,-3.884
1CHO,I,17,T,S,-2.351
1CHO,I,17,T,V,-3.581
1CHO,I,17,T,W,-4.159
1CHO,I,17,T,Y,-4.473
1CHO,I,20,Y,A,-2.543
1CHO,I,20,Y,C,-2.543
1CHO,I,20,Y,D,-6.296
1CHO,I,20,Y,E,-5.016
1CHO,I,20,Y,F,-0.181
1CHO,I,20,Y,G,-3.176
1CHO,I,20,Y,H,-1.589
1CHO,I,20,Y,I,-2.109
1CHO,I,20,Y,K,-3.165
1CHO,I,20,Y,L,-0.684
1CHO,I,20,Y,M,-1.227
1CHO,I,20,Y,N,-3.001
1CHO,I,20,Y,P,-8.566
1CHO,I,20,Y,Q,-3.155
1CHO,I,20,Y,R,-2.909
1CHO,I,20,Y,S,-2.869
1CHO,I,20,Y,T,-3.304
1CHO,I,20,Y,V,-3.464
1CHO,I,20,Y,W,-0.392
1CSE,I,45,L,D,-4.412
1CSE,I,45,L,E,-2.383
1CSE,I,45,L,G,-2.281
1CSE,I,45,L,I,-2.982
1CSE,I,45,L,P,-6.765
1CSE,I,45,L,S,-1.189
1CSO,I,18,I,L,4.481
1CT0,I,18,S,L,4.158
1CT2,I,18,T,L,3.205
1CT4,I,18,V,L,3.034
1CZ8,L,4,L,M,-0.041
1DAN,T,44,D,A,-1.38
1DAN,T,58,D,A,-1.99
1DAN,T,58,D,E,-1.38
1DAN,T,61,D,A,-0.242
1DAN,U,129,D,A,0.027
1DAN,U,145,D,A,0.011
1DAN,T,24,E,A,-0.658
1DAN,T,26,E,A,-0.101
1DAN,T,62,E,A,0.0
1DAN,U,208,E,A,0.005
1DAN,U,105,E,A,0.06
1DAN,U,128,E,A,-0.086
1DAN,U,99,E,A,0.176
1DAN,T,50,F,A,-0.438
1DAN,T,76,F,A,-1.105
1DAN,U,140,F,A,-2.215
1DAN,U,147,F,A,0.06
1DAN,T,43,G,A,-0.065
1DAN,U,164,G,R,0.163
1DAN,T,22,I,A,-0.645
1DAN,T,38,I,A,0.127
1DAN,T,63,I,A,0.0
1DAN,U,152,I,A,-0.179
1DAN,H,192,K,A,0.187
1DAN,T,15,K,A,0.397
1DAN,T,20,K,A,-2.439
1DAN,T,20,K,R,-1.686
1DAN,T,28,K,A,-0.117
1DAN,T,41,K,A,-0.322
1DAN,T,46,K,A,-0.895
1DAN,T,48,K,A,-0.921
1DAN,T,68,K,A,0.07
1DAN,U,122,K,A,0.124
1DAN,U,169,K,A,-0.117
1DAN,U,181,K,A,-0.017
1DAN,H,144,L,A,-0.016
1DAN,T,59,L,A,0.0
1DAN,T,72,L,A,0.06
1DAN,U,133,L,A,0.028
1DAN,U,176,L,A,-0.08
1DAN,H,164,M,A,-0.744
1DAN,T,18,N,A,-0.18
1DAN,U,199,N,A,0.0
1DAN,U,107,N,A,0.0
1DAN,U,138,N,A,0.0
1DAN,U,92,P,A,0.186
1DAN,T,37,Q,A,-0.729
1DAN,T,69,Q,A,0.0
1DAN,U,110,Q,A,-1.305
1DAN,H,134,R,A,-0.749
1DAN,U,196,R,A,-0.461
1DAN,U,131,R,A,0.0
1DAN,U,135,R,A,-0.986
1DAN,U,136,R,A,0.06
1DAN,U,144,R,A,0.003
1DAN,T,16,S,A,0.13
1DAN,T,42,S,A,0.069
1DAN,T,47,S,A,0.127
1DAN,U,195,S,A,0.003
1DAN,U,163,S,A,-0.023
1DAN,T,17,T,A,-0.121
1DAN,T,21,T,A,0.159
1DAN,T,52,T,A,-0.405
1DAN,T,60,T,A,-2.224
1DAN,U,197,T,A,-0.11
1DAN,U,203,T,A,-0.135
1DAN,U,106,T,A,0.06
1DAN,U,132,T,A,0.0
1DAN,U,139,T,A,0.016
1DAN,U,167,T,A,-0.212
1DAN,U,172,T,A,0.026
1DAN,T,33,V,A,0.186
1DAN,T,36,V,A,0.127
1DAN,T,64,V,A,0.0
1DAN,U,198,V,A,-0.11
1DAN,U,207,V,A,-1.57
1DAN,U,146,V,A,-0.2
1DAN,U,179,V,A,-0.11
1DAN,T,25,W,F,-0.615
1DAN,T,45,W,A,-1.5
1DAN,T,45,W,F,-1.271
1DAN,T,14,W,F,-0.692
1DAN,U,158,W,F,-0.123
1DAN,T,51,Y,A,0.127
1DAN,T,78,Y,A,-0.628
1DAN,U,94,Y,A,-0.312
1DAN,U,156,Y,L,-0.155
1DAN,U,157,Y,A,0.0
1DAN,U,185,Y,A,0.33
1DQJ,B,32,D,A,-2.014
1DQJ,C,101,D,A,-1.453
1DQJ,C,96,K,A,-6.159
1DQJ,C,97,K,A,-3.521
1DQJ,C,75,L,A,-1.453
1DQJ,A,31,N,A,-2.014
1DQJ,A,32,N,A,-4.093
1DQJ,C,93,N,A,-0.65
1DQJ,C,21,R,A,-1.169
1DQJ,A,91,S,A,-1.433
1DQJ,C,100,S,A,-0.776
1DQJ,C,89,T,A,-0.841
1DQJ,B,98,W,A,-4.934
1DQJ,C,62,W,A,-0.758
1DQJ,C,63,W,A,-1.347
1DQJ,A,50,Y,A,-2.679
1DQJ,A,96,Y,A,-1.136
1DQJ,B,33,Y,A,-5.527
1DQJ,B,50,Y,A,-6.891
1DQJ,B,53,Y,A,-1.181
1DQJ,C,20,Y,A,-3.287
1DVF,B,100,D,A,-2.791
1DVF,B,54,D,A,-4.283
1DVF,B,58,D,A,-1.601
1DVF,D,52,D,A,-1.683
1DVF,B,98,E,A,-4.189
1DVF,A,30,H,A,-1.65
1DVF,D,33,H,A,-1.861
1DVF,D,97,I,A,-2.683
1DVF,D,30,K,A,-1.004
1DVF,B,56,N,A,-1.163
1DVF,D,54,N,A,-1.861
1DVF,D,100,Q,A,-1.629
1DVF,B,99,R,A,-1.875
1DVF,D,100b,R,A,-4.093
1DVF,A,93,S,A,-1.163
1DVF,B,30,T,A,-0.908
1DVF,A,92,W,A,-0.341
1DVF,B,52,W,A,-4.135
1DVF,A,32,Y,A,-2.031
1DVF,A,49,Y,A,-1.629
1DVF,A,50,Y,A,-0.688
1DVF,B,101,Y,F,-2.013
1DVF,B,32,Y,A,-1.832
1DVF,C,49,Y,A,-1.861
1DVF,D,98,Y,A,-4.742
1EAW,A,217,D,A,-2.229
1EAW,A,60a,D,A,0.172
1EAW,A,60b,D,A,-1.503
1EAW,A,96,D,A,-0.654
1EAW,A,169,E,A,-0.704
1EAW,A,60e,F,A,0.429
1EAW,A,94,F,A,-0.729
1EAW,A,97,F,A,-0.892
1EAW,A,143,H,A,0.014
1EAW,A,41,I,A,0.823
1EAW,A,60,I,A,0.194
1EAW,A,224,K,A,-0.476
1EAW,A,153,L,A,-0.502
1EAW,A,95,N,A,-0.308
1EAW,A,145,Q,A,-0.307
1EAW,A,174,Q,A,-0.565
1EAW,A,175,Q,A,0.133
1EAW,A,221a,Q,A,-0.144
1EAW,A,38,Q,A,0.519
1EAW,A,222,R,A,0.089
1EAW,A,60c,R,A,-0.588
1EAW,A,60f,R,A,-0.231
1EAW,A,87,R,A,0.15
1EAW,A,150,T,A,-0.089
1EAW,A,98,T,A,-0.255
1EAW,A,146,Y,A,-0.502
1EAW,A,60g,Y,A,0.079
1EFN,A,96,I,A,-1.451
1EFN,A,97,T,H,-1.244
1EMV,A,23,C,A,-0.922
1EMV,A,26,D,A,-0.337
1EMV,A,51,D,A,-5.918
1EMV,A,60,D,A,-0.511
1EMV,A,30,E,A,-1.417
1EMV,A,31,E,A,-0.307
1EMV,A,32,E,A,-0.22
1EMV,A,41,E,A,-2.084
1EMV,A,42,E,A,-0.658
1EMV,A,45,E,A,-0.213
1EMV,B,86,F,A,-3.881
1EMV,A,49,G,A,-1.486
1EMV,A,46,H,A,-0.832
1EMV,A,53,I,A,-0.848
1EMV,A,35,K,A,-0.192
1EMV,B,97,K,A,-1.961
1EMV,A,33,L,A,-3.419
1EMV,A,36,L,A,-0.907
1EMV,A,52,L,A,-0.601
1EMV,A,24,N,A,-0.139
1EMV,A,69,N,A,-0.278
1EMV,B,72,N,A,-1.165
1EMV,B,75,N,A,-2.336
1EMV,A,47,P,A,-0.437
1EMV,A,56,P,A,-1.243
1EMV,B,92,Q,A,0.278
1EMV,B,54,R,A,-1.666
1EMV,A,28,S,A,-0.173
1EMV,A,29,S,A,-0.956
1EMV,A,48,S,A,-0.007
1EMV,A,50,S,A,-2.188
1EMV,A,63,S,A,-0.87
1EMV,B,74,S,A,0.241
1EMV,B,77,S,A,0.233
1EMV,B,78,S,A,0.54
1EMV,B,84,S,A,0.109
1EMV,A,27,T,A,-0.728
1EMV,A,38,T,A,-0.9
1EMV,A,44,T,A,-0.305
1EMV,B,87,T,A,-0.159
1EMV,A,34,V,A,-2.579
1EMV,A,37,V,A,-1.665
1EMV,A,68,V,A,-1.857
1EMV,B,98,V,A,-1.089
1EMV,A,54,Y,A,-4.837
1EMV,A,55,Y,A,-4.637
1F47,A,4,D,A,-0.692
1F47,A,7,D,A,-1.734
1F47,A,7,D,G,-1.139
1F47,A,7,D,S,-2.065
1F47,A,11,F,A,-2.445
1F47,A,8,I,A,-2.516
1F47,A,14,K,A,0.043
1F47,A,12,L,A,-2.295
1F47,A,6,L,A,-0.925
1F47,A,9,P,A,0.058
1F47,A,15,Q,A,0.046
1F47,A,5,Y,A,-0.869
1F5R,A,156,K,Q,1.171
1FC2,C,124,F,M,-0.913
1FC2,C,149,F,A,-0.063
1FC2,C,149,F,W,0.0
1FC2,C,135,I,W,-3.139
1FC2,C,150,I,A,-5.277
1FC2,C,154,K,A,-1.527
1FC2,C,126,K,D,-1.062
1FC2,C,136,L,D,-1.434
1FC2,C,163,L,W,0.0
1FC2,C,147,N,A,-0.606
1FC2,C,147,N,F,-0.845
1FC2,C,125,N,F,0.108
1FC2,C,125,N,Q,0.0
1FC2,C,130,N,F,-0.091
1FC2,C,151,Q,K,-0.17
1FC2,C,151,Q,L,-0.458
1FC2,C,133,Y,F,-1.028
1FC2,C,133,Y,W,-0.411
1FCC,C,40,D,A,-0.272
1FCC,C,27,E,A,-4.938
1FCC,C,42,E,A,-0.385
1FCC,C,28,K,A,-1.256
1FCC,C,31,K,A,-3.478
1FCC,C,35,N,A,-2.365
1FCC,C,25,T,A,-0.24
1FCC,C,43,W,A,-3.773
1FFW,A,103,A,V,-1.364
1FFW,A,90,A,V,-0.091
1FFW,B,213,C,A,-0.204
1FFW,A,13,D,K,-0.047
1FFW,B,202,D,A,0.074
1FFW,B,207,D,A,-0.096
1FFW,A,117,E,K,-0.713
1FFW,A,93,E,K,-0.821
1FFW,B,171,E,A,-0.717
1FFW,B,178,E,A,-0.639
1FFW,A,111,F,V,-1.256
1FFW,B,214,F,A,-3.646
1FFW,B,181,H,A,-0.034
1FFW,B,216,I,A,-0.428
1FFW,A,112,T,I,-0.562
1FFW,A,87,T,I,0.319
1FFW,A,108,V,M,-1.131
1FFW,A,106,Y,W,-0.713
1FFW,A,51,Y,C,-0.125
1FR2,A,41,A,E,2.084
1FSS,B,12,A,S,-0.325
1FSS,B,29,H,K,0.62
1FSS,B,29,H,R,1.488
1FSS,B,32,K,R,-1.083
1FSS,B,35,L,W,-1.452
1FSS,B,33,M,F,-0.937
1FSS,B,33,M,L,-0.963
1FSS,B,33,M,Q,-1.573
1FSS,B,33,M,Y,-1.395
1FSS,B,47,N,F,-0.493
1FSS,B,47,N,R,0.535
1FSS,B,47,N,W,-0.116
1FSS,B,11,R,K,-0.315
1FSS,B,27,R,F,-2.436
1FSS,B,27,R,M,-2.664
1FSS,B,27,R,Y,-2.629
1FSS,B,8,T,V,-0.369
1FSS,B,9,T,I,0.232
1FSS,B,9,T,N,-1.199
1FSS,B,34,V,T,-1.586
1FY8,E,194,D,N,-0.17
1FY8,E,156,Q,K,-1.171
1GC1,C,10,D,A,0.0
1GC1,C,53,D,A,-0.303
1GC1,C,56,D,A,0.07
1GC1,C,63,D,A,0.319
1GC1,C,88,D,A,0.07
1GC1,C,77,E,A,-0.562
1GC1,C,85,E,A,-1.323
1GC1,C,87,E,A,-0.218
1GC1,C,91,E,A,0.128
1GC1,C,92,E,A,-0.016
1GC1,C,27,H,A,-0.283
1GC1,C,1,K,A,-0.062
1GC1,C,21,K,A,0.128
1GC1,C,22,K,A,-0.24
1GC1,C,29,K,A,-0.536
1GC1,C,2,K,A,0.017
1GC1,C,35,K,A,-0.322
1GC1,C,46,K,A,-1.431
1GC1,C,50,K,A,-0.047
1GC1,C,72,K,A,0.017
1GC1,C,75,K,A,-0.158
1GC1,C,7,K,A,-0.998
1GC1,C,8,K,A,-0.105
1GC1,C,90,K,A,-0.047
1GC1,C,44,L,A,-1.056
1GC1,C,51,L,A,-1.234
1GC1,C,30,N,A,-0.17
1GC1,C,32,N,A,-0.183
1GC1,C,39,N,A,-0.466
1GC1,C,52,N,A,-0.708
1GC1,C,66,N,A,0.034
1GC1,C,73,N,A,0.108
1GC1,C,20,Q,A,0.017
1GC1,C,25,Q,A,-0.032
1GC1,C,33,Q,A,-0.105
1GC1,C,40,Q,A,0.411
1GC1,C,64,Q,A,-0.443
1GC1,C,89,Q,A,-0.17
1GC1,C,89,Q,L,0.311
1GC1,C,94,Q,A,0.108
1GC1,C,58,R,A,-0.132
1GC1,C,59,R,A,-1.176
1GC1,C,19,S,A,0.0
1GC1,C,23,S,A,-0.293
1GC1,C,31,S,A,-0.105
1GC1,C,42,S,A,0.0
1GC1,C,49,S,A,-0.611
1GC1,C,60,S,A,0.089
1GC1,C,11,T,A,0.0
1GC1,C,15,T,A,-0.322
1GC1,C,17,T,A,0.128
1GC1,C,45,T,A,0.149
1GC1,C,86,V,A,0.07
1GC1,C,82,Y,A,-1.291
1GCQ,C,632,A,G,-1.353
1GCQ,C,611,G,V,0.025
1GCQ,C,608,P,A,-0.121
1GCQ,C,609,P,A,-0.085
1GCQ,C,595,P,A,-0.768
1GCQ,C,657,P,A,-1.316
1GCQ,C,637,W,Y,-2.147
1GL0,I,30,M,K,0.558
1GL1,I,30,L,V,-4.259
1GRN,A,38,D,E,-0.39
1GUA,A,30,D,E,-0.24
1GUA,A,37,E,A,-1.301
1GUA,B,65,K,A,0.4
1GUA,B,84,K,A,-1.999
1GUA,B,87,K,A,-0.799
1GUA,B,64,N,A,0.4
1GUA,B,66,Q,A,-0.1
1GUA,B,59,R,A,-1.001
1GUA,A,39,S,A,-1.4
1GUA,B,68,T,A,-0.701
1GUA,B,69,V,A,-0.1
1GUA,B,88,V,A,-0.2
1H9D,B,61,G,A,-2.077
1H9D,B,103,L,A,-0.94
1H9D,B,104,N,A,-2.304
1H9D,B,67,Q,A,-1.364
1H9D,B,3,R,A,-1.162
1H9D,B,4,V,A,-1.402
1HE8,A,223,K,V,-0.475
1IAR,A,19,E,A,0.32
1IAR,A,19,E,R,0.117
1IAR,A,9,E,Q,-3.113
1IAR,A,82,F,A,0.086
1IAR,A,82,F,D,0.581
1IAR,A,11,I,A,-0.069
1IAR,A,5,I,A,-1.171
1IAR,A,5,I,R,-0.796
1IAR,A,12,K,E,-0.139
1IAR,A,12,K,S,0.015
1IAR,A,77,K,A,-0.154
1IAR,A,77,K,E,-0.612
1IAR,A,84,K,A,-0.345
1IAR,A,84,K,D,-1.88
1IAR,A,15,N,A,0.034
1IAR,A,15,N,D,0.078
1IAR,A,89,N,A,-1.559
1IAR,A,78,Q,A,-0.125
1IAR,A,78,Q,E,-0.245
1IAR,A,8,Q,A,0.022
1IAR,A,8,Q,R,-0.039
1IAR,A,53,R,Q,-0.836
1IAR,A,81,R,A,-0.48
1IAR,A,81,R,E,-1.462
1IAR,A,85,R,A,-0.427
1IAR,A,85,R,E,-1.225
1IAR,A,88,R,A,-3.755
1IAR,A,88,R,Q,-2.829
1IAR,A,16,S,A,0.183
1IAR,A,16,S,D,0.104
1IAR,A,13,T,A,-0.979
1IAR,A,13,T,D,0.219
1IAR,A,6,T,A,0.104
1IAR,A,6,T,D,-1.393
1IAR,A,91,W,A,-0.73
1IAR,A,91,W,D,-1.307
1JCK,B,176,F,A,-2.134
1JCK,B,102,G,A,-0.013
1JCK,B,103,K,A,-0.677
1JCK,B,23,N,A,-2.077
1JCK,B,60,N,A,-1.643
1JCK,B,210,Q,A,-2.077
1JCK,B,20,T,A,-1.655
1JCK,B,91,V,A,-2.233
1JCK,B,26,Y,A,-1.775
1JCK,B,90,Y,A,-2.596
1JRH,H,54,D,A,-1.887
1JRH,H,55,D,A,-1.667
1JRH,H,56,D,A,-1.855
1JRH,L,28,D,A,-0.435
1JRH,I,45,E,Q,-0.1
1JRH,I,55,E,A,0.435
1JRH,I,55,E,P,3.79
1JRH,L,27,E,A,-0.543
1JRH,H,98,F,A,0.0
1JRH,I,50,G,A,-4.527
1JRH,H,100b,H,A,-1.699
1JRH,I,47,K,A,-3.579
1JRH,I,47,K,M,-3.294
1JRH,I,52,K,A,-2.985
1JRH,I,52,K,M,-4.914
1JRH,I,98,K,A,0.043
1JRH,I,48,N,A,0.293
1JRH,I,48,N,Q,-0.364
1JRH,I,53,N,A,-3.894
1JRH,I,79,N,A,0.399
1JRH,H,95,R,A,-0.543
1JRH,I,84,R,A,0.246
1JRH,I,54,S,A,-0.298
1JRH,L,93,S,A,0.651
1JRH,I,14,T,V,0.026
1JRH,L,94,T,A,-0.385
1JRH,I,51,V,A,-1.884
1JRH,H,52,W,A,-2.687
1JRH,H,53,W,A,-2.422
1JRH,I,56,W,F,0.657
1JRH,I,56,W,Y,-0.016
1JRH,I,82,W,A,-4.529
1JRH,I,82,W,F,-1.109
1JRH,I,82,W,Y,-1.136
1JRH,L,92,W,A,-2.82
1JRH,L,96,W,A,-1.667
1JRH,H,99,Y,A,-1.062
1JRH,H,32,Y,A,-1.434
1JRH,H,58,Y,A,-1.256
1JRH,I,49,Y,A,-3.401
1JRH,I,49,Y,F,-0.791
1JRH,L,30,Y,A,-1.109
1JRH,L,91,Y,A,-0.581
1JTD,B,167,D,A,-0.961
1JTD,B,170,D,A,0.549
1JTD,B,52,D,A,-1.508
1JTD,B,206,D,A,1.062
1JTD,B,131,D,A,-1.99
1JTD,A,104,E,A,-0.841
1JTD,A,110,E,A,-0.038
1JTD,B,268,E,A,-1.85
1JTD,B,209,F,A,-2.201
1JTD,B,230,F,A,-3.962
1JTD,B,74,F,A,-2.551
1JTD,B,229,I,A,-2.89
1JTD,A,111,K,A,-2.145
1JTD,A,102,L,A,-1.734
1JTD,B,91,L,A,-0.667
1JTD,A,129,M,A,-2.523
1JTD,A,270,M,A,-0.278
1JTD,A,100,N,A,-0.801
1JTD,B,50,N,A,-1.302
1JTD,B,304,N,A,-2.67
1JTD,B,112,N,A,-1.21
1JTD,A,107,P,A,-1.734
1JTD,A,99,Q,A,-0.519
1JTD,B,286,R,A,-0.888
1JTD,B,169,S,A,-0.152
1JTD,B,57,T,A,-0.295
1JTD,A,216,V,A,-0.038
1JTD,B,152,W,A,-3.256
1JTD,B,53,W,A,-1.393
1JTD,B,269,W,A,-5.812
1JTD,A,105,Y,A,-2.251
1JTD,B,191,Y,A,-3.3
1JTD,B,208,Y,A,-2.027
1JTD,B,248,Y,A,-0.824
1JTD,B,73,Y,A,-3.152
1JTD,B,113,Y,A,-0.48
1JTG,B,163,D,A,1.341
1JTG,B,163,D,K,1.983
1JTG,B,49,D,A,-2.561
1JTG,A,168,E,A,0.073
1JTG,A,168,E,G,0.17
1JTG,A,171,E,K,0.61
1JTG,A,239,E,K,0.411
1JTG,A,104,E,A,-1.553
1JTG,A,104,E,D,-3.644
1JTG,A,104,E,K,-4.235
1JTG,A,110,E,A,-4.062
1JTG,A,110,E,G,0.913
1JTG,A,110,E,V,0.672
1JTG,B,31,E,A,-0.821
1JTG,B,73,E,A,0.132
1JTG,B,73,E,M,-0.505
1JTG,B,142,F,A,-3.379
1JTG,B,36,F,A,-3.201
1JTG,A,238,G,S,0.268
1JTG,B,141,G,A,-0.759
1JTG,B,48,G,A,-0.199
1JTG,B,148,H,A,-2.748
1JTG,B,41,H,A,-3.25
1JTG,A,234,K,A,-1.417
1JTG,A,111,K,A,0.859
1JTG,A,111,K,N,-0.181
1JTG,B,74,K,A,-3.56
1JTG,A,102,L,A,-0.871
1JTG,A,129,M,A,-0.739
1JTG,A,270,M,A,0.051
1JTG,A,100,N,A,0.456
1JTG,B,89,N,K,0.455
1JTG,A,107,P,A,0.383
1JTG,A,107,P,Q,-0.461
1JTG,A,99,Q,A,-0.43
1JTG,A,240,R,Y,0.143
1JTG,A,243,R,A,-1.339
1JTG,B,144,R,A,-0.108
1JTG,B,160,R,A,-2.222
1JTG,A,130,S,A,-0.792
1JTG,A,235,S,A,-1.239
1JTG,B,113,S,A,0.168
1JTG,B,35,S,A,0.0
1JTG,B,39,S,A,0.303
1JTG,B,71,S,A,-0.358
1JTG,B,140,T,K,0.014
1JTG,B,32,T,K,-0.199
1JTG,A,216,V,A,0.407
1JTG,A,103,V,A,-1.911
1JTG,B,93,V,K,0.476
1JTG,B,112,W,A,-3.011
1JTG,B,150,W,A,-4.254
1JTG,B,162,W,A,-2.341
1JTG,A,105,Y,A,0.168
1JTG,B,143,Y,A,-0.382
1JTG,B,50,Y,A,0.407
1JTG,B,51,Y,A,0.0
1JTG,B,53,Y,A,-2.077
1K8R,A,33,D,A,-1.535
1K8R,A,38,D,A,-1.712
1K8R,A,38,D,E,-3.438
1K8R,A,38,D,N,-1.896
1K8R,A,57,D,A,-1.18
1K8R,A,31,E,K,-0.171
1K8R,A,37,E,A,-0.306
1K8R,A,62,E,A,-0.41
1K8R,A,63,E,A,-0.41
1K8R,B,93,K,A,-0.587
1K8R,B,101,K,A,-2.728
1K8R,B,81,Q,A,-1.798
1K8R,A,41,R,A,-1.18
1K8R,B,83,R,A,-2.801
1K8R,B,159,R,A,-0.715
1K8R,B,160,R,A,-1.437
1K8R,A,39,S,A,-0.715
1K8R,A,40,Y,C,-3.438
1K8R,A,40,Y,F,-1.492
1KAC,A,417,P,S,0.793
1KAC,A,489,S,Y,1.253
1KBH,A,37,L,W,-0.851
1KBH,A,3,Q,W,-0.138
1KBH,B,98,Y,W,-0.596
1KIP,B,32,A,Y,0.801
1KIQ,B,101,F,Y,2.496
1KIR,A,50,S,Y,1.388
1KNE,A,25,A,F,0.115
1KNE,A,25,A,K,-0.895
1KNE,A,25,A,L,0.0
1KNE,A,25,A,T,0.377
1KNE,A,62,D,F,0.617
1KNE,A,62,D,I,-0.461
1KNE,A,62,D,K,0.377
1KNE,A,62,D,T,-0.492
1KNE,A,46,K,A,1.268
1KNE,P,6,T,F,-0.096
1KNE,P,6,T,I,-0.274
1KNE,P,6,T,K,0.314
1KNE,P,6,T,L,-0.204
1KTZ,B,32,D,A,-1.522
1KTZ,B,32,D,N,-2.0
1KTZ,B,118,D,A,-0.815
1KTZ,B,55,E,A,-1.217
1KTZ,B,75,E,A,-1.08
1KTZ,B,119,E,A,-1.494
1KTZ,B,119,E,Q,-1.627
1KTZ,B,30,F,A,-2.98
1KTZ,B,110,F,A,-0.932
1KTZ,B,79,H,A,-0.296
1KTZ,B,125,I,A,-0.539
1KTZ,B,50,I,A,-1.896
1KTZ,B,53,I,A,-1.37
1KTZ,B,27,L,A,-1.825
1KTZ,B,112,M,A,-0.871
1KTZ,B,47,N,A,-0.285
1KTZ,A,25,R,A,-1.482
1KTZ,A,25,R,K,-1.152
1KTZ,A,94,R,A,-2.884
1KTZ,A,94,R,K,-2.201
1KTZ,B,49,S,A,-0.327
1KTZ,B,52,S,A,-0.217
1KTZ,B,52,S,L,-4.038
1KTZ,B,51,T,A,-1.514
1KTZ,A,92,V,I,-0.243
1KTZ,B,62,V,A,-0.648
1KTZ,B,77,V,A,-0.415
1LFD,A,51,D,A,0.601
1LFD,A,51,D,K,0.902
1LFD,A,56,D,A,0.401
1LFD,A,58,D,K,0.502
1LFD,A,94,D,K,0.902
1LFD,B,233,D,A,-1.101
1LFD,B,238,D,A,-3.747
1LFD,A,57,E,A,0.401
1LFD,A,57,E,K,0.101
1LFD,B,237,E,A,-1.151
1LFD,B,262,E,A,-0.191
1LFD,B,263,E,A,-0.286
1LFD,A,53,H,A,-1.0
1LFD,A,18,I,A,-1.0
1LFD,A,32,K,A,-1.497
1LFD,A,48,K,A,-0.297
1LFD,A,52,K,A,-1.8
1LFD,A,23,L,K,0.502
1LFD,A,55,L,K,0.0
1LFD,A,30,M,K,0.401
1LFD,A,27,N,A,-1.0
1LFD,A,27,N,K,-0.398
1LFD,A,29,N,A,-0.302
1LFD,A,54,N,K,0.101
1LFD,A,92,N,K,0.401
1LFD,B,225,Q,A,-0.901
1LFD,A,20,R,A,-1.599
1LFD,B,241,R,A,-0.901
1LFD,A,33,S,A,-0.801
1LFD,A,22,S,K,-0.898
1LFD,B,239,S,A,0.6
1LFD,B,229,V,A,-0.478
1LFD,A,31,Y,A,-3.459
1LFD,A,31,Y,F,-1.0
1LFD,A,93,Y,K,-0.199
1LFD,B,232,Y,W,0.211
1LFD,B,240,Y,A,-3.555
1LFD,B,240,Y,F,-2.301
1LP9,A,66,K,A,-0.728
1LP9,A,163,T,A,0.404
1LP9,A,167,W,A,-0.299
1M9E,D,87,A,H,1.01
1MAH,A,74,D,N,-1.735
1MAH,A,295,F,L,-1.149
1MAH,A,297,F,I,-1.902
1MAH,A,297,F,Y,-0.731
1MAH,A,338,F,G,-0.731
1MAH,A,286,W,R,-8.131
1MAH,A,124,Y,Q,-2.773
1MAH,A,337,Y,A,-0.357
1MAH,A,72,Y,N,-4.816
1MHP,H,99,F,W,0.0
1MHP,H,99,F,Y,-0.755
1MHP,H,100,G,F,-0.574
1MHP,H,100,G,L,-2.728
1MHP,H,100,G,M,-0.102
1MHP,H,100,G,S,-0.558
1MHP,H,53,G,A,-0.513
1MHP,H,53,G,N,-1.256
1MHP,H,53,G,S,-0.676
1MHP,H,54,G,I,-1.364
1MHP,H,54,G,T,-1.165
1MHP,H,54,G,Y,0.0
1MHP,L,92,G,Q,-1.573
1MHP,L,92,G,S,-0.513
1MHP,L,31,H,K,-1.165
1MHP,L,31,H,R,-1.124
1MHP,L,31,H,W,-1.256
1MHP,H,64,K,D,0.123
1MHP,H,64,K,E,0.155
1MHP,H,64,K,N,0.073
1MHP,H,64,K,Q,0.155
1MHP,H,60,L,D,0.123
1MHP,L,49,L,F,-0.713
1MHP,L,49,L,K,-0.925
1MHP,L,49,L,W,-1.908
1MHP,L,30,N,V,-1.05
1MHP,L,30,N,W,-1.573
1MHP,L,30,N,Y,-1.908
1MHP,L,52,N,D,-0.501
1MHP,L,52,N,E,0.177
1MHP,L,52,N,K,-0.658
1MHP,L,52,N,R,-0.845
1MHP,L,52,N,Y,0.103
1MHP,H,31,R,Q,-1.308
1MHP,H,35,S,A,-1.573
1MHP,H,35,S,Q,-2.728
1MHP,H,52,S,M,-2.077
1MHP,L,24,S,R,0.067
1MHP,L,28,S,Q,0.54
1MHP,L,91,S,Q,-1.775
1MHP,L,91,S,R,-2.728
1MHP,L,91,S,T,-2.318
1MHP,H,33,T,N,-2.728
1MHP,H,33,T,V,-0.435
1MHP,H,50,T,V,0.263
1MHP,L,90,W,Q,-2.077
1MHP,H,58,Y,E,-2.077
1MHP,H,58,Y,Q,-2.077
1MHP,H,58,Y,W,-0.821
1MHP,H,59,Y,E,-0.544
1MI5,D,95,A,G,-0.608
1MI5,E,99,A,G,-1.232
1MI5,D,30a,D,A,-1.232
1MI5,E,52,E,A,-0.819
1MI5,E,105,E,A,-0.12
1MI5,D,96,G,A,-0.764
1MI5,D,97,G,A,-1.232
1MI5,D,102,G,A,-1.232
1MI5,E,28,G,A,0.289
1MI5,E,97,G,A,-1.232
1MI5,D,33,H,A,-1.232
1MI5,D,48,H,A,-1.117
1MI5,D,103,K,A,-1.232
1MI5,D,50,L,A,-1.232
1MI5,D,94,L,A,-1.232
1MI5,E,96,L,A,-0.116
1MI5,D,54,N,A,0.019
1MI5,E,51,N,A,0.433
1MI5,D,93,P,A,-1.232
1MI5,E,106,Q,A,-1.232
1MI5,E,50,Q,A,0.07
1MI5,E,98,Q,A,-1.232
1MI5,D,25,S,A,-0.1
1MI5,D,28,S,A,0.039
1MI5,D,52,S,A,-0.482
1MI5,D,99,S,A,-0.827
1MI5,E,27,S,A,-0.032
1MI5,E,31,S,A,-1.064
1MI5,E,94,S,A,-0.302
1MI5,E,95,S,A,0.612
1MI5,D,26,T,A,-0.26
1MI5,D,30,T,A,-0.588
1MI5,D,51,T,A,0.558
1MI5,D,98,T,A,-0.943
1MI5,E,30,V,A,-0.293
1MI5,D,31,Y,A,-0.45
1MI5,D,100,Y,A,-1.232
1MI5,E,107,Y,A,-0.26
1MI5,E,100,Y,A,-1.232
1MLC,B,65,K,D,-0.019
1MLC,A,32,N,G,0.878
1MLC,A,32,N,Y,0.0
1MLC,A,92,N,A,1.254
1MLC,B,57,S,A,0.379
1MLC,B,57,S,V,0.494
1MLC,B,28,T,D,0.151
1MLC,B,31,T,A,-0.447
1MLC,B,31,T,V,-0.526
1MLC,B,31,T,W,-0.132
1MLC,B,58,T,D,0.56
1N8O,E,84,M,K,-1.46
1N8O,E,84,M,L,0.062
1N8O,E,84,M,R,-1.349
1N8Z,B,102,D,W,0.686
1N8Z,C,555,F,A,-0.035
1N8Z,A,91,H,F,-0.033
1N8Z,C,525,L,A,0.023
1N8Z,A,30,N,S,-0.064
1N8Z,B,50,R,A,-2.928
1N8Z,B,59,R,A,-1.775
1N8Z,C,551,S,A,-0.031
1N8Z,A,94,T,S,-0.309
1N8Z,C,552,V,A,-0.009
1N8Z,B,105,Y,F,-0.821
1N8Z,B,109,Y,V,-0.223
1NCA,H,97,D,K,-0.714
1NCA,H,96,E,D,-0.411
1NCA,H,98,N,Q,-0.543
1NCA,H,31,N,Q,0.0
1NMB,H,56,D,E,-2.955
1NMB,H,56,D,N,-2.955
1NMB,L,94,L,V,-0.9
1NMB,L,93,T,F,0.024
1NMB,L,93,T,W,-0.184
1NMB,H,99,Y,A,-2.142
1NMB,H,100a,Y,F,-1.42
1NMB,L,32,Y,F,-0.467
1OGA,A,149,A,G,-0.123
1OGA,A,150,A,G,-0.449
1OGA,A,158,A,G,-0.133
1OGA,A,69,A,G,-0.427
1OGA,A,61,D,A,-0.118
1OGA,E,32,D,A,-1.573
1OGA,E,32,D,S,-2.162
1OGA,E,56,D,A,-0.132
1OGA,A,154,E,A,-0.612
1OGA,A,58,E,A,-0.113
1OGA,A,63,E,A,0.018
1OGA,A,151,H,A,0.0
1OGA,A,70,H,A,-0.518
1OGA,A,74,H,A,-0.604
1OGA,E,53,I,A,-2.162
1OGA,E,53,I,G,-2.162
1OGA,E,53,I,L,-1.419
1OGA,E,53,I,N,-2.162
1OGA,E,53,I,V,-0.201
1OGA,A,146,K,A,-1.931
1OGA,A,66,K,A,0.024
1OGA,A,68,K,A,-0.248
1OGA,E,55,N,A,-1.13
1OGA,E,55,N,D,-0.495
1OGA,A,155,Q,A,-0.489
1OGA,A,43,Q,A,0.024
1OGA,A,72,Q,A,0.46
1OGA,D,34,Q,A,-0.976
1OGA,E,52,Q,A,-2.162
1OGA,E,52,Q,E,-2.162
1OGA,E,58,Q,A,-0.495
1OGA,E,58,Q,E,0.0
1OGA,A,65,R,A,0.365
1OGA,A,75,R,A,-0.711
1OGA,E,98,R,A,-2.162
1OGA,E,98,R,H,-2.162
1OGA,D,31,S,A,-0.628
1OGA,D,32,S,A,-1.038
1OGA,E,99,S,A,0.035
1OGA,A,163,T,A,-0.322
1OGA,A,64,T,A,-0.186
1OGA,A,73,T,A,-0.849
1OGA,A,80,T,A,-0.195
1OGA,A,152,V,A,-1.394
1OGA,A,67,V,A,0.139
1OGA,A,76,V,A,-0.872
1OGA,E,101,Y,A,-0.233
1OGA,E,101,Y,F,-0.495
1P69,A,417,S,P,-0.793
1P6A,A,489,Y,S,-1.253
1PPF,I,15,A,C,0.674
1PPF,I,15,A,D,-1.138
1PPF,I,15,A,E,-0.106
1PPF,I,15,A,F,0.073
1PPF,I,15,A,G,-1.138
1PPF,I,15,A,H,-0.553
1PPF,I,15,A,I,-0.329
1PPF,I,15,A,K,-1.128
1PPF,I,15,A,L,-0.018
1PPF,I,15,A,M,0.401
1PPF,I,15,A,N,-0.915
1PPF,I,15,A,P,-1.995
1PPF,I,15,A,Q,-0.25
1PPF,I,15,A,R,0.264
1PPF,I,15,A,S,-0.756
1PPF,I,15,A,T,-0.963
1PPF,I,15,A,V,-0.208
1PPF,I,15,A,W,0.641
1PPF,I,15,A,Y,0.185
1PPF,I,19,E,A,-1.203
1PPF,I,19,E,C,-1.403
1PPF,I,19,E,D,-0.578
1PPF,I,19,E,F,-1.364
1PPF,I,19,E,G,-2.121
1PPF,I,19,E,H,-0.69
1PPF,I,19,E,I,-0.723
1PPF,I,19,E,K,-2.121
1PPF,I,19,E,L,-1.071
1PPF,I,19,E,M,-1.149
1PPF,I,19,E,N,-1.213
1PPF,I,19,E,P,-3.21
1PPF,I,19,E,Q,-0.66
1PPF,I,19,E,R,-1.482
1PPF,I,19,E,S,-1.846
1PPF,I,19,E,T,-1.505
1PPF,I,19,E,V,-1.159
1PPF,I,19,E,W,-1.53
1PPF,I,19,E,Y,-1.249
1PPF,I,32,G,A,-0.235
1PPF,I,32,G,C,-1.179
1PPF,I,32,G,D,-2.497
1PPF,I,32,G,E,-1.458
1PPF,I,32,G,F,-1.482
1PPF,I,32,G,H,-1.505
1PPF,I,32,G,I,-4.372
1PPF,I,32,G,K,-3.306
1PPF,I,32,G,L,-3.13
1PPF,I,32,G,M,-2.195
1PPF,I,32,G,N,-1.614
1PPF,I,32,G,P,-0.264
1PPF,I,32,G,Q,-2.8
1PPF,I,32,G,R,-4.849
1PPF,I,32,G,S,-0.915
1PPF,I,32,G,T,-2.812
1PPF,I,32,G,V,-2.553
1PPF,I,32,G,W,-1.644
1PPF,I,32,G,Y,-1.203
1PPF,I,13,K,A,-0.756
1PPF,I,13,K,C,-0.963
1PPF,I,13,K,D,-0.631
1PPF,I,13,K,E,-1.133
1PPF,I,13,K,F,-0.963
1PPF,I,13,K,G,-1.249
1PPF,I,13,K,H,-1.015
1PPF,I,13,K,I,-0.631
1PPF,I,13,K,L,-0.402
1PPF,I,13,K,M,-0.208
1PPF,I,13,K,N,-0.66
1PPF,I,13,K,P,-1.266
1PPF,I,13,K,Q,-0.25
1PPF,I,13,K,R,0.641
1PPF,I,13,K,S,-0.461
1PPF,I,13,K,T,-0.166
1PPF,I,13,K,V,-0.872
1PPF,I,13,K,W,-0.831
1PPF,I,13,K,Y,-0.506
1PPF,I,18,L,A,-1.071
1PPF,I,18,L,C,0.09
1PPF,I,18,L,D,-7.613
1PPF,I,18,L,E,-7.056
1PPF,I,18,L,F,-5.17
1PPF,I,18,L,G,-3.333
1PPF,I,18,L,H,-6.471
1PPF,I,18,L,I,0.733
1PPF,I,18,L,K,-5.736
1PPF,I,18,L,M,-1.258
1PPF,I,18,L,N,-5.225
1PPF,I,18,L,P,-6.147
1PPF,I,18,L,Q,-3.306
1PPF,I,18,L,R,-7.185
1PPF,I,18,L,S,-3.092
1PPF,I,18,L,T,-0.915
1PPF,I,18,L,V,0.493
1PPF,I,18,L,W,-7.544
1PPF,I,18,L,Y,-6.636
1PPF,I,36,N,A,1.646
1PPF,I,36,N,C,-0.605
1PPF,I,36,N,D,3.078
1PPF,I,36,N,E,1.018
1PPF,I,36,N,F,-1.846
1PPF,I,36,N,G,0.572
1PPF,I,36,N,H,0.533
1PPF,I,36,N,I,-0.872
1PPF,I,36,N,K,-2.622
1PPF,I,36,N,L,-2.647
1PPF,I,36,N,M,-1.071
1PPF,I,36,N,P,2.96
1PPF,I,36,N,Q,-0.383
1PPF,I,36,N,R,-1.87
1PPF,I,36,N,S,1.346
1PPF,I,36,N,T,-0.553
1PPF,I,36,N,V,-0.346
1PPF,I,36,N,W,-1.722
1PPF,I,36,N,Y,-1.677
1PPF,I,14,P,A,0.124
1PPF,I,14,P,C,2.005
1PPF,I,14,P,D,0.493
1PPF,I,14,P,E,1.429
1PPF,I,14,P,F,1.857
1PPF,I,14,P,G,-0.093
1PPF,I,14,P,H,1.766
1PPF,I,14,P,I,1.651
1PPF,I,14,P,K,0.449
1PPF,I,14,P,L,2.923
1PPF,I,14,P,M,1.574
1PPF,I,14,P,N,0.641
1PPF,I,14,P,Q,0.811
1PPF,I,14,P,R,0.138
1PPF,I,14,P,S,0.572
1PPF,I,14,P,T,0.264
1PPF,I,14,P,V,1.525
1PPF,I,14,P,W,2.005
1PPF,I,14,P,Y,0.963
1PPF,I,21,R,A,-0.208
1PPF,I,21,R,C,0.081
1PPF,I,21,R,D,-0.208
1PPF,I,21,R,E,-0.461
1PPF,I,21,R,F,0.981
1PPF,I,21,R,G,-0.578
1PPF,I,21,R,H,0.493
1PPF,I,21,R,I,0.811
1PPF,I,21,R,K,-0.605
1PPF,I,21,R,L,0.859
1PPF,I,21,R,M,0.76
1PPF,I,21,R,N,-0.329
1PPF,I,21,R,P,-6.706
1PPF,I,21,R,Q,0.018
1PPF,I,21,R,S,-0.42
1PPF,I,21,R,T,0.018
1PPF,I,21,R,V,0.35
1PPF,I,21,R,W,0.533
1PPF,I,21,R,Y,-0.221
1PPF,I,17,T,A,-3.485
1PPF,I,17,T,C,-2.087
1PPF,I,17,T,D,-4.924
1PPF,I,17,T,E,-3.041
1PPF,I,17,T,F,-1.71
1PPF,I,17,T,G,-3.6
1PPF,I,17,T,H,-1.694
1PPF,I,17,T,I,-1.482
1PPF,I,17,T,K,-3.389
1PPF,I,17,T,L,-2.28
1PPF,I,17,T,M,-2.502
1PPF,I,17,T,N,-2.699
1PPF,I,17,T,P,-3.074
1PPF,I,17,T,Q,-1.969
1PPF,I,17,T,R,-3.452
1PPF,I,17,T,S,-1.505
1PPF,I,17,T,V,-1.482
1PPF,I,17,T,W,-2.195
1PPF,I,17,T,Y,-2.481
1PPF,I,20,Y,A,-3.21
1PPF,I,20,Y,C,-3.452
1PPF,I,20,Y,D,-6.42
1PPF,I,20,Y,E,-6.42
1PPF,I,20,Y,F,-0.482
1PPF,I,20,Y,G,-4.186
1PPF,I,20,Y,H,-2.379
1PPF,I,20,Y,I,-3.932
1PPF,I,20,Y,K,-4.494
1PPF,I,20,Y,L,-1.375
1PPF,I,20,Y,M,-2.812
1PPF,I,20,Y,N,-3.644
1PPF,I,20,Y,P,-5.367
1PPF,I,20,Y,Q,-4.697
1PPF,I,20,Y,R,-4.372
1PPF,I,20,Y,S,-3.644
1PPF,I,20,Y,T,-5.055
1PPF,I,20,Y,V,-4.186
1PPF,I,20,Y,W,-0.235
1QSE,C,7,R,V,1.225
1R0R,I,15,A,C,0.483
1R0R,I,15,A,D,-5.228
1R0R,I,15,A,E,-4.578
1R0R,I,15,A,F,2.243
1R0R,I,15,A,G,-1.112
1R0R,I,15,A,H,-1.775
1R0R,I,15,A,I,1.8
1R0R,I,15,A,K,-3.073
1R0R,I,15,A,L,1.755
1R0R,I,15,A,M,1.74
1R0R,I,15,A,N,-2.089
1R0R,I,15,A,P,-3.345
1R0R,I,15,A,Q,-1.811
1R0R,I,15,A,R,-5.53
1R0R,I,15,A,S,-1.742
1R0R,I,15,A,T,-1.268
1R0R,I,15,A,V,0.954
1R0R,I,15,A,W,-0.207
1R0R,I,15,A,Y,0.838
1R0R,I,19,E,A,-2.089
1R0R,I,19,E,C,-2.372
1R0R,I,19,E,D,-0.259
1R0R,I,19,E,F,-3.618
1R0R,I,19,E,G,-2.712
1R0R,I,19,E,H,-1.709
1R0R,I,19,E,I,-0.737
1R0R,I,19,E,K,-2.712
1R0R,I,19,E,L,-0.57
1R0R,I,19,E,M,-1.571
1R0R,I,19,E,N,-2.118
1R0R,I,19,E,P,-3.764
1R0R,I,19,E,Q,-1.282
1R0R,I,19,E,R,-2.089
1R0R,I,19,E,S,-3.175
1R0R,I,19,E,T,-4.252
1R0R,I,19,E,V,-0.095
1R0R,I,19,E,W,-1.85
1R0R,I,19,E,Y,-1.89
1R0R,I,32,G,A,-1.298
1R0R,I,32,G,C,-1.42
1R0R,I,32,G,D,-2.888
1R0R,I,32,G,E,-1.981
1R0R,I,32,G,F,-0.115
1R0R,I,32,G,H,-2.192
1R0R,I,32,G,I,-1.981
1R0R,I,32,G,K,-2.935
1R0R,I,32,G,L,-2.411
1R0R,I,32,G,M,-2.157
1R0R,I,32,G,N,-1.282
1R0R,I,32,G,P,-1.08
1R0R,I,32,G,Q,-2.033
1R0R,I,32,G,R,-3.471
1R0R,I,32,G,S,-0.912
1R0R,I,32,G,T,-1.679
1R0R,I,32,G,V,-1.934
1R0R,I,32,G,W,-1.401
1R0R,I,32,G,Y,-0.485
1R0R,I,13,K,A,0.61
1R0R,I,13,K,C,0.616
1R0R,I,13,K,D,0.593
1R0R,I,13,K,E,0.11
1R0R,I,13,K,F,0.795
1R0R,I,13,K,G,0.838
1R0R,I,13,K,H,0.593
1R0R,I,13,K,I,-1.124
1R0R,I,13,K,L,0.328
1R0R,I,13,K,M,0.561
1R0R,I,13,K,N,0.391
1R0R,I,13,K,P,-1.348
1R0R,I,13,K,Q,0.531
1R0R,I,13,K,R,-0.136
1R0R,I,13,K,S,0.307
1R0R,I,13,K,T,-0.89
1R0R,I,13,K,V,-0.411
1R0R,I,13,K,W,1.105
1R0R,I,13,K,Y,0.695
1R0R,I,18,L,A,-0.315
1R0R,I,18,L,C,1.346
1R0R,I,18,L,D,-4.539
1R0R,I,18,L,E,-2.177
1R0R,I,18,L,F,-0.617
1R0R,I,18,L,G,-2.353
1R0R,I,18,L,H,-0.57
1R0R,I,18,L,I,-3.254
1R0R,I,18,L,K,-3.345
1R0R,I,18,L,M,0.516
1R0R,I,18,L,N,-1.5
1R0R,I,18,L,P,-7.688
1R0R,I,18,L,Q,-0.57
1R0R,I,18,L,R,-2.935
1R0R,I,18,L,S,-1.571
1R0R,I,18,L,T,-0.16
1R0R,I,18,L,V,-2.157
1R0R,I,18,L,W,-1.524
1R0R,I,18,L,Y,-0.447
1R0R,I,28,N,S,0.066
1R0R,I,36,N,A,0.033
1R0R,I,36,N,C,-0.57
1R0R,I,36,N,D,-0.57
1R0R,I,36,N,E,0.205
1R0R,I,36,N,F,0.18
1R0R,I,36,N,G,-0.285
1R0R,I,36,N,H,-0.285
1R0R,I,36,N,I,-0.315
1R0R,I,36,N,K,-1.148
1R0R,I,36,N,L,-1.547
1R0R,I,36,N,M,-0.315
1R0R,I,36,N,P,-1.479
1R0R,I,36,N,Q,0.274
1R0R,I,36,N,R,-1.459
1R0R,I,36,N,S,-0.485
1R0R,I,36,N,T,-0.57
1R0R,I,36,N,V,-0.669
1R0R,I,36,N,W,-0.056
1R0R,I,36,N,Y,-0.182
1R0R,I,14,P,A,0.639
1R0R,I,14,P,C,0.987
1R0R,I,14,P,D,2.521
1R0R,I,14,P,E,2.243
1R0R,I,14,P,F,-1.382
1R0R,I,14,P,G,0.346
1R0R,I,14,P,H,0.217
1R0R,I,14,P,I,-1.742
1R0R,I,14,P,K,-0.345
1R0R,I,14,P,L,-1.184
1R0R,I,14,P,M,0.033
1R0R,I,14,P,N,0.917
1R0R,I,14,P,Q,1.415
1R0R,I,14,P,R,-1.102
1R0R,I,14,P,S,-0.136
1R0R,I,14,P,T,-1.198
1R0R,I,14,P,V,-1.331
1R0R,I,14,P,W,-0.485
1R0R,I,14,P,Y,-0.857
1R0R,I,21,R,A,0.096
1R0R,I,21,R,C,-0.115
1R0R,I,21,R,D,0.18
1R0R,I,21,R,E,-0.345
1R0R,I,21,R,F,-0.447
1R0R,I,21,R,G,-2.089
1R0R,I,21,R,H,-0.526
1R0R,I,21,R,I,-0.207
1R0R,I,21,R,K,0.096
1R0R,I,21,R,L,-0.232
1R0R,I,21,R,M,-0.447
1R0R,I,21,R,N,0.05
1R0R,I,21,R,P,-7.391
1R0R,I,21,R,Q,-0.182
1R0R,I,21,R,S,0.016
1R0R,I,21,R,T,-0.345
1R0R,I,21,R,V,-0.115
1R0R,I,21,R,W,-0.945
1R0R,I,21,R,Y,-0.823
1R0R,I,17,T,A,-1.173
1R0R,I,17,T,C,-0.813
1R0R,I,17,T,D,-2.888
1R0R,I,17,T,E,-3.214
1R0R,I,17,T,F,0.066
1R0R,I,17,T,G,-3.139
1R0R,I,17,T,H,-0.526
1R0R,I,17,T,I,-0.259
1R0R,I,17,T,K,-1.934
1R0R,I,17,T,L,-0.669
1R0R,I,17,T,M,-1.331
1R0R,I,17,T,N,-0.018
1R0R,I,17,T,P,-4.95
1R0R,I,17,T,Q,-2.222
1R0R,I,17,T,R,-3.345
1R0R,I,17,T,S,-0.89
1R0R,I,17,T,V,-0.937
1R0R,I,17,T,W,-2.935
1R0R,I,17,T,Y,0.879
1R0R,I,20,Y,A,-5.475
1R0R,I,20,Y,C,-3.254
1R0R,I,20,Y,D,-5.771
1R0R,I,20,Y,E,-4.618
1R0R,I,20,Y,F,-0.617
1R0R,I,20,Y,G,-6.402
1R0R,I,20,Y,H,-3.471
1R0R,I,20,Y,I,-2.865
1R0R,I,20,Y,K,-5.512
1R0R,I,20,Y,L,-2.575
1R0R,I,20,Y,M,-3.139
1R0R,I,20,Y,N,-5.616
1R0R,I,20,Y,P,-6.654
1R0R,I,20,Y,Q,-4.503
1R0R,I,20,Y,R,-4.47
1R0R,I,20,Y,S,-5.163
1R0R,I,20,Y,T,-5.475
1R0R,I,20,Y,V,-3.51
1R0R,I,20,Y,W,0.364
1REW,C,86,Q,A,-2.659
1S0W,C,1142,A,F,2.103
1S1Q,A,46,D,A,-0.966
1S1Q,A,44,F,A,-0.199
1S1Q,A,88,F,A,-0.775
1S1Q,A,45,N,A,-1.232
1S1Q,A,43,V,A,-0.671
1S1Q,A,75,W,A,-0.281
1SBB,B,20,L,T,0.091
1SBB,B,26,V,Y,1.456
1SBB,B,91,Y,V,-0.079
1SBN,I,45,R,K,0.31
1SGD,I,18,D,L,5.669
1SGE,I,18,E,L,5.983
1SGN,I,18,N,L,3.4
1SGP,I,18,A,L,2.989
1SGQ,I,18,G,L,5.003
1SGY,I,18,Y,L,1.676
1SIB,I,53,K,R,0.732
1SMF,I,16,E,A,-1.013
1SMF,I,13,I,A,-3.511
1SMF,I,11,K,A,-5.689
1SMF,I,12,S,A,-1.9
1SMF,I,10,T,A,-2.046
1TM1,I,60,E,A,-2.925
1TM1,I,60,E,S,-2.748
1TM1,I,59,M,A,-1.028
1TM1,I,59,M,F,-1.028
1TM1,I,59,M,G,-2.233
1TM1,I,59,M,K,-1.094
1TM1,I,59,M,Y,-0.056
1TM1,I,62,R,A,-1.256
1TM1,I,65,R,A,-3.08
1TM1,I,67,R,A,-2.923
1TM1,I,67,R,C,-3.236
1TM1,I,58,T,A,-2.572
1TM1,I,58,T,D,-2.099
1TM1,I,58,T,P,-3.756
1TM1,I,70,V,A,-0.025
1TM1,I,61,Y,A,-2.18
1TM1,I,61,Y,G,-4.681
1TM3,I,59,K,M,1.094
1TM4,I,59,G,M,2.233
1TM5,I,59,A,M,1.028
1TM7,I,59,Y,M,0.056
1TMG,I,59,F,M,1.028
1TO1,I,61,A,Y,2.982
1U7F,B,493,D,A,-2.674
1U7F,B,378,R,A,-1.738
1UUZ,A,64,C,A,-0.651
1UUZ,A,62,H,A,-1.775
1UUZ,A,62,H,D,-3.379
1UUZ,A,62,H,N,-1.52
1UUZ,A,62,H,Q,-1.52
1VFB,B,100,D,A,-3.072
1VFB,B,54,D,A,-0.639
1VFB,B,58,D,A,0.207
1VFB,B,58,D,E,-0.078
1VFB,B,58,D,N,0.128
1VFB,C,119,D,A,-0.954
1VFB,C,18,D,A,-0.34
1VFB,B,98,E,A,-1.157
1VFB,B,31,G,A,-0.307
1VFB,B,31,G,E,0.51
1VFB,B,31,G,W,-0.004
1VFB,A,30,H,A,-0.845
1VFB,C,124,I,A,-1.232
1VFB,C,116,K,A,-0.714
1VFB,A,46,L,D,-5.631
1VFB,A,46,L,E,-5.631
1VFB,C,129,L,A,-0.172
1VFB,A,31,N,W,-0.174
1VFB,B,56,N,A,-0.178
1VFB,C,19,N,A,-0.396
1VFB,C,121,Q,A,-2.878
1VFB,B,99,R,A,0.1
1VFB,B,99,R,W,-0.705
1VFB,B,99,R,Y,-1.236
1VFB,C,125,R,A,-1.838
1VFB,A,93,S,A,-0.343
1VFB,B,28,S,D,0.0
1VFB,B,28,S,E,0.104
1VFB,B,28,S,N,-0.144
1VFB,B,28,S,Q,-0.078
1VFB,C,24,S,A,-0.851
1VFB,A,52,T,F,-0.471
1VFB,A,53,T,R,-1.647
1VFB,B,30,T,A,0.056
1VFB,C,118,T,A,-0.765
1VFB,C,120,V,A,-0.917
1VFB,A,92,W,A,-2.728
1VFB,B,52,W,A,-0.364
1VFB,A,32,Y,A,-1.34
1VFB,A,32,Y,W,-5.631
1VFB,A,49,Y,A,-0.798
1VFB,A,50,Y,A,-0.388
1VFB,A,50,Y,K,-1.716
1VFB,A,50,Y,R,-0.845
1VFB,B,101,Y,F,-0.954
1VFB,B,32,Y,A,-0.46
1VFB,B,32,Y,E,-1.903
1VFB,C,23,Y,A,-0.411
1WQJ,I,21,R,A,-0.68
1WQJ,I,50,R,A,-0.268
1WQJ,I,55,R,A,-0.059
1WQJ,I,56,R,A,-0.402
1X1W,D,80,A,E,0.411
1X1X,D,76,A,E,0.824
1XD3,B,39,D,A,0.411
1XD3,B,52,D,A,0.24
1XD3,B,58,D,A,0.24
1XD3,B,24,E,A,0.24
1XD3,B,51,E,A,-1.535
1XD3,B,68,H,N,0.0
1XD3,B,44,I,A,-0.266
1XD3,B,11,K,R,-1.402
1XD3,B,27,K,A,0.062
1XD3,B,27,K,R,-0.266
1XD3,B,33,K,R,0.0
1XD3,B,6,K,A,-1.344
1XD3,B,6,K,R,-0.303
1XD3,B,8,L,A,-2.677
1XD3,B,42,R,L,0.862
1XD3,B,54,R,L,-0.869
1XD3,B,72,R,L,-1.302
1XD3,B,74,R,L,-2.378
1XGP,B,33,A,F,4.062
1XGP,B,33,A,I,2.261
1XGP,B,33,A,L,2.2
1XGP,B,33,A,V,1.153
1XGQ,B,33,V,A,-1.153
1XGQ,B,33,V,F,2.909
1XGQ,B,33,V,I,1.108
1XGQ,B,33,V,L,1.047
1XGR,B,33,I,A,-2.261
1XGR,B,33,I,F,1.801
1XGR,B,33,I,L,-0.061
1XGR,B,33,I,V,-1.108
1XGT,B,33,L,A,-2.2
1XGT,B,33,L,F,1.863
1XGT,B,33,L,I,0.061
1XGT,B,33,L,V,-1.047
1XGU,B,33,F,A,-4.062
1XGU,B,33,F,I,-1.801
1XGU,B,33,F,L,-1.863
1XGU,B,33,F,V,-2.909
1Y1K,I,58,A,T,2.728
1Y33,I,58,P,T,3.756
1Y34,I,60,A,E,3.054
1Y3B,I,60,S,E,2.748
1Y3C,I,62,A,R,1.256
1Y3D,I,67,A,R,3.098
1Y48,I,65,A,R,3.756
1YCS,A,273,R,H,0.119
1YQV,Y,45,R,K,-2.001
1YY9,C,25,A,P,-0.072
1YY9,D,98,A,P,-1.038
1YY9,D,54,G,P,-0.268
1YY9,D,29,L,P,-0.031
1YY9,C,93,N,A,0.742
1YY9,D,56,N,A,0.057
1YY9,C,26,S,D,0.199
1YY9,C,26,S,P,0.009
1YY9,C,28,S,P,0.222
1YY9,C,54,S,P,0.018
1YY9,D,53,S,P,-0.818
1YY9,C,31,T,E,0.519
1YY9,C,96,T,P,-4.005
1YY9,D,61,T,E,0.057
1YY9,D,52,W,P,-1.479
1YY9,D,101,Y,P,-1.652
1Z7X,W,435,D,A,-3.662
1Z7X,W,206,E,A,-1.019
1Z7X,W,287,E,A,-1.321
1Z7X,W,344,E,A,-1.562
1Z7X,W,401,E,A,-1.306
1Z7X,W,459,I,A,-0.337
1Z7X,W,320,K,A,-1.321
1Z7X,W,457,R,A,-0.848
1Z7X,W,289,S,A,-0.814
1Z7X,W,261,W,A,-1.336
1Z7X,W,263,W,A,-2.212
1Z7X,W,318,W,A,-0.993
1Z7X,W,375,W,A,-1.67
1Z7X,W,434,Y,A,-5.956
1Z7X,W,434,Y,F,-0.121
1Z7X,W,437,Y,A,-2.624
1Z7X,W,437,Y,F,-2.166
2A9K,B,109,E,A,-3.031
2A9K,B,99,G,D,-2.318
2AJF,A,38,D,A,-0.585
2AJF,E,360,F,S,0.082
2AJF,E,344,K,R,0.007
2AJF,E,479,N,K,-2.013
2AJF,E,487,T,S,-1.824
2AJF,A,41,Y,A,-1.452
2AJF,A,41,Y,F,-1.398
2AK4,A,158,A,G,-0.874
2AK4,A,154,E,A,-0.235
2AK4,A,161,E,A,-0.465
2AK4,E,101,E,A,-0.049
2AK4,A,163,L,A,-0.14
2AK4,C,10,L,A,-0.514
2AK4,C,5,L,A,-1.404
2AK4,E,98,L,A,-0.838
2AK4,D,50,N,A,-1.404
2AK4,D,97,N,A,-1.404
2AK4,E,28,N,A,-0.209
2AK4,E,30,N,A,-0.823
2AK4,E,66,N,A,0.043
2AK4,C,4,P,A,-1.096
2AK4,C,6,P,A,-1.404
2AK4,A,155,Q,A,-0.93
2AK4,A,65,Q,A,0.258
2AK4,A,72,Q,A,-0.239
2AK4,C,7,Q,A,-1.404
2AK4,C,9,Q,A,-0.066
2AK4,A,151,R,A,-1.367
2AK4,A,157,R,A,-1.404
2AK4,D,93,S,A,-1.404
2AK4,E,31,S,G,-1.404
2AK4,E,51,S,A,0.314
2AK4,A,69,T,A,0.342
2AK4,D,29,T,A,0.127
2AK4,D,31,Y,A,-0.099
2AK4,D,96,Y,A,-1.404
2AW2,B,17,P,A,-2.576
2AW2,B,36,V,A,-1.096
2AW2,B,23,Y,A,-1.885
2B0U,C,47,F,A,-0.543
2B0U,C,47,F,E,-0.411
2B0U,C,52,F,A,0.0
2B0U,C,52,F,E,0.0
2B0U,C,51,I,A,0.0
2B0U,C,51,I,E,-0.24
2B0U,C,15,V,E,0.0
2B0Z,B,82,I,F,2.529
2B10,B,82,S,F,1.165
2B11,B,382,W,F,0.754
2B12,B,82,Y,F,1.575
2B2X,H,64,E,K,0.157
2B2X,H,50,V,T,-0.09
2B2X,L,52,Y,E,0.224
2B42,A,374,H,A,-1.638
2B42,A,374,H,K,-2.568
2B42,A,374,H,Q,-1.076
2BDN,H,31,D,E,-1.086
2BDN,H,27,L,K,-0.874
2BDN,H,27,L,R,-0.651
2BDN,H,28,N,D,-0.132
2BDN,H,28,N,Q,-1.4
2BDN,L,31,N,K,-3.491
2BDN,L,31,N,R,0.918
2BDN,L,53,S,D,0.161
2BDN,L,53,S,E,0.852
2BDN,L,56,T,D,0.426
2BDN,L,56,T,E,0.689
2BDN,L,30,Y,K,-0.675
2BNQ,C,9,V,C,-0.502
2BNR,A,149,A,G,-0.018
2BNR,A,150,A,G,-0.737
2BNR,A,69,A,G,-1.855
2BNR,C,9,C,V,0.502
2BNR,A,61,D,A,0.09
2BNR,A,154,E,A,-0.018
2BNR,A,58,E,A,0.0
2BNR,A,63,E,A,-0.335
2BNR,A,151,H,A,-0.533
2BNR,A,70,H,A,-1.696
2BNR,A,74,H,A,-0.975
2BNR,A,146,K,A,-0.624
2BNR,A,66,K,A,-1.689
2BNR,A,68,K,A,-0.006
2BNR,A,155,Q,A,-0.233
2BNR,A,43,Q,A,-0.083
2BNR,A,72,Q,A,0.096
2BNR,A,65,R,A,-1.806
2BNR,A,75,R,A,-0.531
2BNR,A,163,T,A,-0.459
2BNR,A,64,T,A,-0.271
2BNR,A,73,T,A,-1.285
2BNR,A,80,T,A,-0.535
2BNR,A,152,V,A,-0.903
2BNR,A,67,V,A,-0.393
2BNR,A,76,V,A,-0.672
2BTF,P,59,F,A,-1.596
2BTF,P,120,G,F,-1.721
2BTF,P,125,K,A,-0.46
2BTF,P,60,V,E,-0.979
2C0L,A,382,N,A,-0.688
2C0L,A,586,Q,R,-1.487
2C0L,A,589,S,Y,-0.274
2C5D,C,87,D,G,0.504
2C5D,C,127,G,R,0.018
2C5D,C,32,G,S,-0.099
2C5D,C,92,V,A,0.599
2DSQ,I,21,R,A,-0.061
2DSQ,I,50,R,A,-0.61
2DSQ,I,55,R,A,0.088
2DSQ,I,56,R,A,-0.089
2DVW,A,182,E,A,-0.438
2DVW,A,116,K,A,-0.034
2DVW,B,397,K,E,-0.205
2DVW,A,41,R,A,-0.911
2DVW,B,342,R,A,-0.694
2E7L,Q,5,F,R,-3.06
2FTL,I,33,F,A,-4.093
2FTL,I,12,G,A,-4.393
2FTL,I,36,G,A,-4.943
2FTL,I,37,G,A,-4.093
2FTL,I,18,I,A,-5.022
2FTL,I,19,I,A,-4.093
2FTL,I,15,K,A,-10.159
2FTL,I,15,K,D,-11.503
2FTL,I,15,K,E,-9.424
2FTL,I,15,K,F,-7.027
2FTL,I,15,K,G,-12.352
2FTL,I,15,K,H,-8.782
2FTL,I,15,K,I,-11.171
2FTL,I,15,K,L,-8.864
2FTL,I,15,K,M,-7.692
2FTL,I,15,K,N,-8.033
2FTL,I,15,K,Q,-9.371
2FTL,I,15,K,R,0.582
2FTL,I,15,K,S,-7.724
2FTL,I,15,K,T,-10.598
2FTL,I,15,K,V,-11.756
2FTL,I,15,K,W,-8.664
2FTL,I,15,K,Y,-6.857
2FTL,I,46,K,A,-4.093
2FTL,I,13,P,A,-4.093
2FTL,I,17,R,A,-4.093
2FTL,I,20,R,A,-4.093
2FTL,I,39,R,A,-4.093
2FTL,I,11,T,A,-4.093
2FTL,I,34,V,A,-4.093
2FTL,I,35,Y,A,-4.093
2G2U,A,104,D,A,1.543
2G2U,A,104,D,E,4.384
2G2U,A,104,D,K,0.453
2G2U,B,31,E,A,-0.651
2G2U,B,73,E,A,1.979
2G2U,B,73,E,M,3.536
2G2U,B,142,F,A,-0.276
2G2U,B,36,F,A,-2.764
2G2U,B,141,G,A,0.414
2G2U,B,48,G,A,0.427
2G2U,B,148,H,A,-1.119
2G2U,B,41,H,A,-1.717
2G2U,B,74,K,A,0.217
2G2U,B,144,R,A,0.342
2G2U,B,160,R,A,-0.67
2G2U,B,113,S,A,0.612
2G2U,B,130,S,K,1.469
2G2U,B,35,S,A,0.951
2G2U,B,39,S,A,0.956
2G2U,B,71,S,A,0.512
2G2U,B,112,W,A,-0.959
2G2U,B,150,W,A,-1.785
2G2U,B,162,W,A,-0.531
2G2U,B,143,Y,A,1.847
2G2U,B,50,Y,A,2.076
2G2U,B,51,Y,A,0.629
2G2U,B,53,Y,A,-2.302
2G2W,A,104,K,D,-0.453
2GOX,B,138,N,A,-1.57
2GOX,B,131,R,A,-2.247
2GYK,A,51,A,D,5.918
2HLE,A,149,K,Q,0.411
2HLE,A,95,L,R,-2.287
2HRK,A,159,K,A,-0.954
2HRK,A,127,T,V,-0.721
2HRK,B,57,T,V,-0.624
2I26,N,30,A,V,-0.03
2I26,N,61,S,R,0.626
2J0T,D,70,C,S,-4.309
2J0T,D,66,M,A,-1.643
2J0T,D,68,S,A,-2.106
2J0T,D,68,S,E,-2.185
2J0T,D,68,S,R,-2.836
2J0T,D,68,S,Y,-2.978
2J0T,D,2,T,A,-4.289
2J0T,D,2,T,L,-2.682
2J0T,D,2,T,R,-5.046
2J0T,D,2,T,S,-1.594
2J0T,D,4,V,A,0.0
2J0T,D,4,V,I,-1.643
2J0T,D,4,V,K,-1.825
2J0T,D,4,V,S,-0.982
2J0T,D,69,V,I,-0.791
2J0T,D,69,V,T,-1.288
2J12,A,299,S,A,-0.954
2J1K,C,370,G,D,-0.184
2J1K,C,515,R,A,-0.052
2J1K,C,384,R,A,-0.765
2J8U,A,66,A,K,0.728
2JCC,A,167,A,W,0.299
2JEL,P,82,A,S,0.0
2JEL,P,69,D,E,-0.954
2JEL,P,5,E,D,-0.411
2JEL,P,5,E,Q,-0.713
2JEL,P,66,E,K,-4.093
2JEL,P,68,E,A,-0.411
2JEL,P,70,E,A,-2.728
2JEL,P,70,E,K,-4.093
2JEL,P,75,E,R,-2.728
2JEL,P,83,E,A,0.0
2JEL,P,85,E,A,0.0
2JEL,P,85,E,D,0.0
2JEL,P,85,E,K,0.0
2JEL,P,85,E,Q,0.0
2JEL,P,2,F,W,-2.62
2JEL,P,2,F,Y,0.0
2JEL,P,76,H,A,0.411
2JEL,P,76,H,D,0.651
2JEL,P,24,K,E,0.0
2JEL,P,27,K,E,0.0
2JEL,P,72,K,E,-0.411
2JEL,P,72,K,R,0.0
2JEL,P,79,K,E,-0.411
2JEL,P,12,N,D,0.0
2JEL,P,38,N,T,0.0
2JEL,P,11,P,E,0.0
2JEL,P,3,Q,K,-4.093
2JEL,P,4,Q,K,-1.364
2JEL,P,57,Q,E,0.411
2JEL,P,71,Q,E,-2.728
2JEL,P,17,R,G,0.0
2JEL,P,17,R,K,0.0
2JEL,P,41,S,C,-1.496
2JEL,P,43,S,C,0.0
2JEL,P,46,S,C,0.0
2JEL,P,64,S,T,-4.093
2JEL,P,34,T,N,-6.821
2JEL,P,34,T,Q,0.0
2JEL,P,36,T,Q,-0.411
2JEL,P,62,T,A,0.0
2JEL,P,62,T,N,0.0
2JEL,P,7,T,N,-0.411
2JEL,P,7,T,S,0.0
2JEL,P,6,V,F,0.0
2KSO,B,47,H,E,0.155
2KSO,A,23,K,D,-0.332
2KSO,A,62,K,D,-1.341
2KSO,A,62,K,E,-1.341
2KSO,A,56,R,E,0.662
2NU0,I,18,W,L,1.865
2NU1,I,18,H,L,1.714
2NU2,I,18,R,L,3.367
2NU4,I,18,K,L,3.182
2NYY,A,1058,D,A,-0.009
2NYY,A,1062,D,A,-2.548
2NYY,C,30,D,Y,-0.646
2NYY,A,920,E,A,-2.86
2NYY,D,6,E,Q,0.25
2NYY,A,917,F,A,-0.422
2NYY,A,953,F,A,-4.088
2NYY,A,1064,H,A,-7.372
2NYY,C,34,H,R,-0.102
2NYY,A,956,I,A,0.01
2NYY,A,1056,K,A,0.029
2NYY,A,903,K,A,-0.293
2NYY,A,923,K,A,0.141
2NYY,D,30,K,R,-0.072
2NYY,A,919,L,A,-2.608
2NYY,D,34,M,Q,0.06
2NYY,A,918,N,A,-0.897
2NYY,A,954,N,A,-0.1
2NYY,A,915,Q,A,-0.525
2NYY,A,1061,R,A,-0.826
2NYY,A,1294,R,A,-0.302
2NYY,A,902,S,A,0.232
2NYY,A,955,S,A,0.0
2NYY,C,28,S,Q,-0.416
2NYY,C,31,S,N,0.356
2NYY,A,1063,T,A,-1.643
2NYY,D,37,V,I,0.215
2NYY,D,31,Y,D,-0.065
2NYY,D,31,Y,Q,-0.13
2NYY,D,57,Y,Q,-0.523
2NZ9,A,1058,D,A,0.031
2NZ9,A,1062,D,A,-2.356
2NZ9,A,920,E,A,-2.79
2NZ9,A,917,F,A,0.05
2NZ9,A,953,F,A,-3.365
2NZ9,A,1064,H,A,-7.473
2NZ9,A,956,I,A,-0.07
2NZ9,A,1056,K,A,0.009
2NZ9,A,903,K,A,-0.545
2NZ9,A,923,K,A,0.302
2NZ9,A,919,L,A,-2.296
2NZ9,A,918,N,A,-2.176
2NZ9,A,954,N,A,0.153
2NZ9,A,915,Q,A,-0.1
2NZ9,A,1061,R,A,-0.293
2NZ9,A,1294,R,A,-0.393
2NZ9,A,902,S,A,0.12
2NZ9,A,955,S,A,0.079
2NZ9,A,1063,T,A,-2.387
2O3B,B,75,D,E,-5.438
2O3B,B,75,D,N,-5.903
2O3B,B,24,E,A,-5.475
2O3B,B,24,E,D,-0.599
2O3B,B,24,E,Q,-5.398
2O3B,B,74,Q,A,-3.233
2O3B,B,76,W,A,-4.074
2OI9,Q,5,F,R,-3.101
2OOB,A,937,A,E,-3.103
2OOB,A,941,G,S,-0.235
2OOB,A,935,K,E,0.178
2P5E,D,31,Y,D,-7.608
2PCB,A,193,A,F,-0.734
2PCB,A,34,D,N,-0.821
2PCB,A,290,E,N,-0.871
2PCB,A,291,E,Q,0.057
2PCB,A,32,E,Q,-0.606
2PCB,A,35,E,Q,-0.676
2PCC,B,81,A,G,-1.902
2PCC,A,34,D,A,0.897
2PCC,A,290,E,A,-6.203
2PCC,B,72,K,A,-0.304
2PCC,B,87,K,A,-0.902
2PCC,A,197,V,A,-2.103
2REX,A,1815,L,Y,-0.558
2REX,B,114,Y,F,0.0
2SGP,I,18,P,L,8.446
2SGQ,I,18,Q,L,2.604
2SIC,I,73,M,A,-0.218
2SIC,I,73,M,D,-0.752
2SIC,I,73,M,E,-0.796
2SIC,I,73,M,G,-0.145
2SIC,I,73,M,H,-0.218
2SIC,I,73,M,I,-1.604
2SIC,I,73,M,K,0.0
2SIC,I,73,M,L,0.24
2SIC,I,73,M,R,0.0
2SIC,I,73,M,V,-0.713
2UWE,A,163,A,T,-0.404
2VIR,C,157,S,L,-3.682
2VIR,C,131,T,I,-4.914
2VIS,C,131,I,T,4.914
2VLN,B,75,A,N,2.336
2VLO,B,97,A,K,1.961
2VLP,B,54,A,R,1.666
2VLQ,B,86,A,F,3.881
2VLR,E,99,A,S,-0.035
2WPT,A,33,D,A,0.132
2WPT,A,33,D,L,3.403
2WPT,A,51,D,A,-5.216
2WPT,A,30,E,A,-1.734
2WPT,A,39,E,H,-0.038
2WPT,A,41,E,A,-4.503
2WPT,B,86,F,A,-1.17
2WPT,B,97,K,A,-0.497
2WPT,A,34,N,A,0.38
2WPT,A,34,N,V,0.897
2WPT,B,72,N,A,-0.918
2WPT,B,75,N,A,-1.238
2WPT,A,56,P,A,-2.928
2WPT,B,92,Q,A,-0.9
2WPT,A,38,R,A,1.111
2WPT,A,38,R,T,1.038
2WPT,A,42,R,A,0.24
2WPT,A,42,R,E,0.372
2WPT,B,54,R,A,-1.134
2WPT,A,50,S,A,-2.426
2WPT,B,74,S,A,0.849
2WPT,B,77,S,A,0.612
2WPT,B,78,S,A,0.15
2WPT,B,84,S,A,0.094
2WPT,B,87,T,A,-0.526
2WPT,A,37,V,A,-3.809
2WPT,B,98,V,A,-0.119
2WPT,A,54,Y,A,-5.216
2WPT,A,55,Y,A,-5.216
3AAA,C,44,D,A,-5.125
3AAA,C,78,E,A,-1.966
3AAA,C,78,E,R,-4.093
3AAA,A,256,K,A,-2.488
3AAA,A,256,K,E,-3.45
3AAA,A,260,R,A,-3.048
3AAA,A,260,R,E,-4.001
3AAA,A,266,R,A,-2.246
3AAA,A,266,R,E,-3.564
3AAA,C,8,W,A,-3.389
3B4V,C,60,F,A,-3.85
3B4V,C,60,F,E,-3.881
3B4V,C,24,L,E,-0.821
3B4V,C,57,L,A,-3.581
3B4V,C,57,L,E,-4.133
3B4V,C,61,L,A,-3.393
3B4V,C,61,L,E,-4.093
3BK3,C,36,A,R,-1.383
3BK3,C,18,I,A,-0.486
3BK3,C,18,I,R,-0.424
3BK3,C,21,I,A,-1.308
3BK3,C,21,I,R,-2.122
3BK3,C,27,I,A,-1.262
3BK3,C,27,I,R,-1.175
3BK3,C,2,I,A,-1.039
3BK3,C,2,I,R,-0.651
3BK3,C,1,L,A,0.0
3BK3,C,1,L,R,-0.026
3BK3,C,3,T,P,-0.486
3BK3,C,5,T,P,-1.743
3BN9,B,217,D,A,-0.566
3BN9,B,60a,D,A,-0.423
3BN9,B,60b,D,A,-0.311
3BN9,B,96,D,A,-6.698
3BN9,B,169,E,A,-0.373
3BN9,B,60e,F,A,0.045
3BN9,B,94,F,A,-0.64
3BN9,B,97,F,A,-6.698
3BN9,B,143,H,A,-0.085
3BN9,B,41,I,A,0.0
3BN9,B,60,I,A,-0.836
3BN9,B,224,K,A,-0.785
3BN9,B,153,L,A,-0.336
3BN9,B,95,N,A,-0.774
3BN9,D,100,P,H,-2.428
3BN9,B,145,Q,A,-0.133
3BN9,B,174,Q,A,0.035
3BN9,B,175,Q,A,-2.51
3BN9,B,221a,Q,A,-0.706
3BN9,B,38,Q,A,0.415
3BN9,D,100a,Q,V,-1.225
3BN9,B,222,R,A,0.094
3BN9,B,60c,R,A,0.045
3BN9,B,60f,R,A,0.072
3BN9,B,87,R,A,0.159
3BN9,D,30,S,G,-1.187
3BN9,D,30,S,N,-1.146
3BN9,B,150,T,A,-0.291
3BN9,B,98,T,A,-1.133
3BN9,D,98,T,Q,0.022
3BN9,D,98,T,R,0.058
3BN9,D,28,T,R,-0.333
3BN9,B,146,Y,A,-1.085
3BN9,B,60g,Y,A,-0.019
3BN9,D,99,Y,S,-0.459
3BP8,C,63,A,F,-0.615
3BP8,A,136,F,A,-0.709
3BT1,U,18,A,S,-0.073
3BT1,U,225,A,S,0.234
3BT1,U,242,A,S,0.179
3BT1,U,244,A,S,0.316
3BT1,U,250,A,S,-0.127
3BT1,U,255,A,S,-0.205
3BT1,U,102,D,A,-1.692
3BT1,U,11,D,A,0.026
3BT1,U,124,D,A,-0.788
3BT1,U,140,D,A,-1.296
3BT1,U,141,D,A,-1.049
3BT1,U,163,D,A,0.098
3BT1,U,214,D,A,0.068
3BT1,U,22,D,A,-0.232
3BT1,U,254,D,A,-0.061
3BT1,U,262,D,A,-0.106
3BT1,U,275,D,A,-0.049
3BT1,U,74,D,A,-0.305
3BT1,U,106,E,A,-0.815
3BT1,U,119,E,A,0.294
3BT1,U,120,E,A,0.0
3BT1,U,132,E,A,-0.037
3BT1,U,134,E,A,0.162
3BT1,U,135,E,A,0.145
3BT1,U,15,E,A,-0.117
3BT1,U,16,E,A,-0.084
3BT1,U,178,E,A,-0.025
3BT1,U,183,E,A,-0.46
3BT1,U,185,E,A,-0.391
3BT1,U,208,E,A,0.113
3BT1,U,209,E,A,0.253
3BT1,U,230,E,A,-0.177
3BT1,U,33,E,A,-0.378
3BT1,U,34,E,A,-0.342
3BT1,U,36,E,A,-0.095
3BT1,U,37,E,A,-0.049
3BT1,U,39,E,A,-0.157
3BT1,U,42,E,A,0.197
3BT1,U,49,E,A,0.026
3BT1,U,68,E,A,-0.049
3BT1,U,94,E,A,-0.205
3BT1,U,159,F,A,-0.7
3BT1,U,165,F,A,-1.064
3BT1,U,167,F,A,-0.127
3BT1,U,211,F,A,-0.196
3BT1,U,256,F,A,-0.894
3BT1,U,10,G,A,-0.265
3BT1,U,133,G,A,0.215
3BT1,U,136,G,A,0.083
3BT1,U,146,G,A,-1.251
3BT1,U,148,G,A,-1.44
3BT1,U,152,G,A,-0.517
3BT1,U,158,G,A,0.234
3BT1,U,179,G,A,-0.328
3BT1,U,191,G,A,0.098
3BT1,U,199,G,A,-0.025
3BT1,U,204,G,A,0.411
3BT1,U,20,G,A,0.0
3BT1,U,217,G,A,0.098
3BT1,U,227,G,A,-0.712
3BT1,U,240,G,A,0.083
3BT1,U,253,G,A,-0.177
3BT1,U,270,G,A,0.294
3BT1,U,35,G,A,-0.32
3BT1,U,60,G,A,-0.297
3BT1,U,72,G,A,-0.24
3BT1,U,79,G,A,-0.223
3BT1,U,82,G,A,-0.095
3BT1,U,99,G,A,0.664
3BT1,U,110,H,A,-0.417
3BT1,U,128,H,A,-0.391
3BT1,U,143,H,A,-0.662
3BT1,U,160,H,A,-0.205
3BT1,U,166,H,A,-1.028
3BT1,U,203,H,A,-0.013
3BT1,U,229,H,A,-0.265
3BT1,U,249,H,A,-0.049
3BT1,U,251,H,A,-0.282
3BT1,U,260,H,A,-0.049
3BT1,U,273,H,A,-0.147
3BT1,U,47,H,A,-0.391
3BT1,U,130,I,A,0.316
3BT1,U,181,I,A,-0.364
3BT1,U,213,I,A,-0.147
3BT1,U,261,I,A,-0.137
3BT1,U,28,I,A,-0.073
3BT1,U,63,I,A,-0.117
3BT1,U,96,I,A,-0.186
3BT1,U,139,K,A,-0.674
3BT1,U,169,K,A,-0.282
3BT1,U,175,K,A,-0.692
3BT1,U,198,K,A,-0.249
3BT1,U,232,K,A,-0.265
3BT1,U,268,K,A,-0.095
3BT1,U,43,K,A,-0.223
3BT1,U,50,K,A,-0.642
3BT1,U,62,K,A,-0.417
3BT1,U,7,K,A,-0.274
3BT1,U,113,L,A,-1.465
3BT1,U,123,L,A,-0.46
3BT1,U,144,L,A,-0.724
3BT1,U,150,L,A,-1.662
3BT1,U,168,L,A,-0.746
3BT1,U,182,L,A,-0.672
3BT1,U,184,L,A,-0.731
3BT1,U,187,L,A,-0.205
3BT1,U,19,L,A,-0.177
3BT1,U,1,L,A,-0.342
3BT1,U,212,L,A,0.524
3BT1,U,223,L,A,-0.265
3BT1,U,23,L,A,-0.46
3BT1,U,252,L,A,-0.417
3BT1,U,31,L,A,-0.313
3BT1,U,38,L,A,-0.522
3BT1,U,40,L,A,-0.871
3BT1,U,55,L,A,-1.111
3BT1,U,61,L,A,0.129
3BT1,U,66,L,A,-1.377
3BT1,U,73,L,A,-0.232
3BT1,U,75,L,A,-0.517
3BT1,U,93,L,A,0.162
3BT1,U,103,M,A,-0.411
3BT1,U,219,M,A,-1.028
3BT1,U,237,M,A,-0.049
3BT1,U,246,M,A,-0.127
3BT1,U,258,M,A,-0.739
3BT1,U,4,M,A,-0.037
3BT1,U,157,N,A,-0.602
3BT1,U,161,N,A,-0.371
3BT1,U,162,N,Q,-0.391
3BT1,U,172,N,Q,-0.177
3BT1,U,186,N,A,-0.328
3BT1,U,190,N,A,0.234
3BT1,U,200,N,Q,-0.013
3BT1,U,220,N,A,0.179
3BT1,U,233,N,A,-0.335
3BT1,U,259,N,A,0.234
3BT1,U,52,N,Q,-0.633
3BT1,U,80,N,A,-0.205
3BT1,U,9,N,A,-0.305
3BT1,U,118,P,A,0.253
3BT1,U,138,P,A,-0.335
3BT1,U,151,P,A,-0.597
3BT1,U,154,P,A,-0.46
3BT1,U,180,P,A,0.273
3BT1,U,188,P,A,0.013
3BT1,U,218,P,A,0.113
3BT1,U,231,P,A,-0.049
3BT1,U,274,P,A,0.013
3BT1,U,111,Q,A,-0.084
3BT1,U,114,Q,A,0.129
3BT1,U,121,Q,A,0.068
3BT1,U,131,Q,A,0.098
3BT1,U,189,Q,A,0.179
3BT1,U,193,Q,A,0.197
3BT1,U,221,Q,A,0.068
3BT1,U,21,Q,A,-0.313
3BT1,U,234,Q,A,-0.095
3BT1,U,248,Q,A,-0.46
3BT1,U,5,Q,A,-0.061
3BT1,U,78,Q,A,-0.24
3BT1,U,107,R,A,-0.404
3BT1,U,109,R,A,-0.265
3BT1,U,116,R,A,-0.214
3BT1,U,137,R,A,0.288
3BT1,U,13,R,A,-0.274
3BT1,U,142,R,A,-0.363
3BT1,U,145,R,A,-0.42
3BT1,U,192,R,A,-0.32
3BT1,U,216,R,A,0.026
3BT1,U,239,R,A,-0.196
3BT1,U,25,R,A,-1.017
3BT1,U,2,R,A,-0.095
3BT1,U,30,R,A,-0.46
3BT1,U,53,R,A,-0.888
3BT1,U,58,R,A,0.068
3BT1,U,89,R,A,-0.24
3BT1,U,91,R,A,-0.282
3BT1,U,104,S,A,-0.611
3BT1,U,112,S,A,-0.249
3BT1,U,117,S,A,-0.013
3BT1,U,156,S,A,0.04
3BT1,U,196,S,A,0.273
3BT1,U,201,S,A,0.129
3BT1,U,206,S,A,0.215
3BT1,U,207,S,A,0.215
3BT1,U,235,S,A,0.179
3BT1,U,245,S,A,0.068
3BT1,U,257,S,A,-0.214
3BT1,U,264,S,A,0.068
3BT1,U,269,S,A,0.145
3BT1,U,44,S,A,-0.223
3BT1,U,48,S,A,-0.404
3BT1,U,56,S,A,-0.049
3BT1,U,65,S,A,-0.313
3BT1,U,81,S,A,-0.257
3BT1,U,88,S,A,-0.24
3BT1,U,90,S,A,-0.196
3BT1,U,97,S,A,-0.871
3BT1,U,100,S,A,-1.157
3BT1,U,101,S,A,-0.297
3BT1,U,127,T,A,-1.003
3BT1,U,164,T,A,0.083
3BT1,U,173,T,A,-0.274
3BT1,U,174,T,A,-0.411
3BT1,U,202,T,A,0.234
3BT1,U,210,T,A,-0.232
3BT1,U,226,T,A,0.215
3BT1,U,228,T,A,0.026
3BT1,U,243,T,A,-0.35
3BT1,U,267,T,A,-0.061
3BT1,U,26,T,A,-0.186
3BT1,U,27,T,A,-0.911
3BT1,U,46,T,A,-0.46
3BT1,U,51,T,A,-0.712
3BT1,U,54,T,A,-0.391
3BT1,U,59,T,A,-0.553
3BT1,U,64,T,A,-0.659
3BT1,U,67,T,A,-0.186
3BT1,U,86,T,A,0.083
3BT1,U,8,T,A,-0.177
3BT1,U,125,V,A,-0.788
3BT1,U,126,V,A,-0.746
3BT1,U,14,V,A,-0.282
3BT1,U,224,V,A,0.493
3BT1,U,238,V,A,-0.157
3BT1,U,263,V,A,-0.24
3BT1,U,29,V,A,-0.716
3BT1,U,41,V,A,-0.489
3BT1,U,69,V,A,-0.223
3BT1,U,70,V,A,-0.147
3BT1,U,85,V,A,-0.282
3BT1,U,129,W,A,0.437
3BT1,U,32,W,A,0.013
3BT1,U,149,Y,A,0.113
3BT1,U,195,Y,A,0.068
3BT1,U,236,Y,A,-0.186
3BT1,U,57,Y,A,-1.201
3BT1,U,87,Y,A,-0.249
3BT1,U,92,Y,A,-0.177
3BTD,I,515,D,K,11.503
3BTE,I,515,E,K,9.424
3BTF,I,515,F,K,7.027
3BTG,I,515,G,K,12.352
3BTH,I,515,H,K,8.782
3BTM,I,515,M,K,7.692
3BTQ,I,515,Q,K,9.371
3BTT,I,515,T,K,10.598
3BTW,I,515,W,K,8.664
3BX1,C,86,A,T,-1.837
3BX1,C,84,F,V,-0.411
3BX1,C,85,R,G,-0.356
3BX1,C,88,T,V,-2.839
3BX1,C,89,T,A,-0.17
3BX1,C,87,Y,A,-1.299
3BX1,C,87,Y,I,-1.782
3C60,C,56,D,A,-0.698
3C60,D,13,D,A,-0.047
3C60,D,102,D,A,-0.047
3C60,D,2,E,A,-0.047
3C60,D,85,E,A,-0.047
3C60,D,92,E,A,0.0
3C60,D,95,E,A,-0.047
3C60,D,110,E,A,0.0
3C60,D,1,F,A,0.0
3C60,C,69,H,A,-0.359
3C60,D,107,H,A,-1.086
3C60,D,93,I,A,-0.047
3C60,C,40,K,A,-1.594
3C60,C,68,K,A,-0.562
3C60,C,76,K,A,-0.047
3C60,D,10,K,A,0.0
3C60,D,5,K,A,-1.153
3C60,D,7,K,A,-2.151
3C60,C,61,L,A,-0.944
3C60,C,63,N,A,-0.954
3C60,D,9,N,A,0.0
3C60,D,91,P,A,0.0
3C60,C,58,Q,A,-0.963
3C60,C,62,Q,A,-0.869
3C60,D,4,Q,A,-1.167
3C60,D,90,Q,A,0.0
3C60,D,96,R,A,-2.026
3C60,D,98,R,A,0.0
3C60,D,106,R,A,-0.047
3C60,D,89,S,A,0.0
3C60,D,103,T,A,-1.167
3C60,C,66,V,A,-1.25
3C60,C,73,V,A,0.0
3C60,D,12,V,A,0.0
3C60,D,86,Y,A,0.0
3D3V,E,30,E,A,-2.115
3D3V,E,98,L,A,-2.617
3D3V,C,8,Y,A,-3.414
3D3V,C,8,Y,F,-0.927
3D5R,C,48,A,N,1.57
3D5S,C,41,A,R,2.247
3EG5,A,104,H,F,2.085
3EQS,B,5,E,A,-1.115
3EQS,B,3,F,A,-5.559
3EQS,B,10,L,A,-3.334
3EQS,B,9,L,A,0.17
3EQS,B,8,N,A,1.112
3EQS,B,11,S,A,-0.117
3EQS,B,2,S,A,-1.264
3EQS,B,1,T,A,-0.392
3EQS,B,7,W,A,-6.41
3EQS,B,6,Y,A,-3.111
3EQY,C,5,E,A,-1.223
3EQY,C,3,F,A,-5.661
3EQY,C,10,L,A,-2.325
3EQY,C,9,L,A,-0.034
3EQY,C,8,N,A,0.749
3EQY,C,12,P,A,-0.296
3EQY,C,11,S,A,-0.153
3EQY,C,2,S,A,-0.871
3EQY,C,1,T,A,-0.375
3EQY,C,7,W,A,-6.046
3EQY,C,6,Y,A,-2.587
3F1S,A,238,D,A,-0.411
3F1S,A,293,D,A,-3.761
3F1S,A,74,D,A,-2.185
3F1S,A,239,K,A,1.804
3F1S,A,239,K,C,1.804
3F1S,A,71,M,A,-1.239
3F1S,A,240,Y,A,-2.996
3G6D,H,104,H,A,0.954
3G6D,H,105,W,A,1.497
3H9S,A,150,A,P,-0.163
3HFM,H,32,D,A,-1.899
3HFM,H,32,D,N,-0.17
3HFM,Y,101,D,A,-1.209
3HFM,Y,101,D,E,-1.974
3HFM,Y,101,D,F,-2.17
3HFM,Y,101,D,G,-0.199
3HFM,Y,101,D,K,-1.974
3HFM,Y,101,D,N,-1.341
3HFM,Y,101,D,Q,-1.93
3HFM,Y,101,D,R,-2.123
3HFM,Y,101,D,S,-1.712
3HFM,Y,102,G,V,-0.24
3HFM,Y,15,H,A,0.446
3HFM,Y,98,I,A,0.0
3HFM,Y,96,K,A,-6.991
3HFM,Y,96,K,M,-6.78
3HFM,Y,96,K,R,-5.355
3HFM,Y,97,K,A,-6.17
3HFM,Y,97,K,D,-6.771
3HFM,Y,97,K,E,-3.606
3HFM,Y,97,K,G,-6.433
3HFM,Y,97,K,M,-1.094
3HFM,Y,97,K,R,-3.054
3HFM,Y,75,L,A,-0.705
3HFM,L,31,N,A,-5.216
3HFM,L,31,N,D,-1.344
3HFM,L,31,N,E,-5.71
3HFM,L,32,N,A,-5.11
3HFM,Y,19,N,D,-0.411
3HFM,Y,19,N,K,-0.24
3HFM,Y,19,N,Q,0.043
3HFM,Y,93,N,A,-0.211
3HFM,L,53,Q,A,-0.954
3HFM,Y,21,R,A,-1.028
3HFM,Y,21,R,E,-2.293
3HFM,Y,21,R,G,-2.27
3HFM,Y,21,R,H,-2.015
3HFM,Y,21,R,K,-1.619
3HFM,Y,21,R,M,-2.051
3HFM,Y,21,R,N,-2.17
3HFM,Y,21,R,Q,-2.242
3HFM,Y,21,R,W,-1.974
3HFM,Y,73,R,A,0.332
3HFM,H,31,S,A,-0.17
3HFM,Y,100,S,A,-0.268
3HFM,Y,89,T,A,0.0
3HFM,H,98,W,A,-5.513
3HFM,H,98,W,F,-3.247
3HFM,Y,63,W,A,-0.319
3HFM,H,33,Y,A,-6.038
3HFM,H,33,Y,F,-1.054
3HFM,H,33,Y,L,-1.975
3HFM,H,33,Y,W,-1.721
3HFM,H,50,Y,A,-7.323
3HFM,H,50,Y,F,-1.584
3HFM,H,50,Y,L,-2.803
3HFM,H,53,Y,A,-3.198
3HFM,H,53,Y,F,-0.611
3HFM,H,53,Y,L,-0.794
3HFM,H,53,Y,W,-0.695
3HFM,H,58,Y,A,-1.649
3HFM,H,58,Y,F,-0.357
3HFM,H,58,Y,L,-1.489
3HFM,L,50,Y,A,-4.56
3HFM,L,50,Y,F,-2.356
3HFM,L,50,Y,L,-4.395
3HFM,L,96,Y,A,-2.708
3HFM,L,96,Y,F,-1.402
3HFM,Y,20,Y,A,-4.878
3HFM,Y,20,Y,F,0.505
3HFM,Y,20,Y,L,-2.185
3HH2,C,47,F,A,-1.325
3HH2,C,47,F,E,-0.713
3HH2,C,52,F,A,-1.273
3HH2,C,52,F,E,-0.817
3HH2,C,51,I,A,-0.713
3HH2,C,51,I,E,-0.862
3HH2,C,15,V,E,-0.684
3KBH,A,38,D,A,-0.873
3KBH,E,535,S,A,-1.857
3KBH,E,535,S,T,-2.491
3KBH,A,41,Y,A,-1.813
3KBH,A,41,Y,F,-1.616
3KBH,E,498,Y,A,-0.1
3KUD,B,85,K,A,-1.954
3KUD,B,71,N,R,0.798
3KUD,A,35,T,A,-1.991
3L5X,L,94,Y,A,0.829
3LB6,A,107,F,A,-5.117
3LB6,A,14,I,A,-3.723
3LB6,A,104,K,A,-5.814
3LB6,A,105,K,A,-2.545
3LNZ,B,8,A,N,-1.112
3LZF,A,190,D,E,-0.499
3LZF,A,225,D,G,-0.538
3M62,A,40,D,A,-2.8
3M62,A,26,E,A,-0.83
3M62,A,49,E,A,-1.052
3M62,B,9,F,A,-0.996
3M62,A,96,G,A,-1.265
3M62,A,104,I,A,-1.854
3M62,B,45,I,A,-2.884
3M62,B,10,K,A,-0.497
3M62,A,44,L,A,-2.829
3M62,B,71,M,A,-0.681
3M62,B,52,Q,A,-1.054
3M62,B,67,Q,A,-0.284
3M62,A,92,R,A,-0.789
3M62,B,47,S,A,-1.279
3M62,A,48,T,A,-0.017
3M62,B,50,V,A,-1.09
3M62,B,69,V,A,-1.138
3M62,A,97,Y,A,-4.477
3M63,A,40,D,A,-2.234
3M63,A,27,E,A,-0.646
3M63,A,49,E,A,-0.346
3M63,A,107,F,A,-1.792
3M63,A,96,G,A,-0.125
3M63,A,104,I,A,-1.089
3M63,A,44,L,A,-0.576
3M63,A,92,R,A,0.185
3M63,A,48,T,A,-0.311
3M63,A,100,V,A,-1.839
3M63,A,97,Y,A,-3.651
3MZG,A,138,H,A,0.397
3MZG,A,27,H,A,0.091
3MZG,A,173,H,A,-0.125
3MZG,A,180,H,A,0.686
3MZG,A,30,H,A,0.874
3MZG,A,195,H,A,0.261
3MZG,A,46,H,A,-0.204
3MZG,A,59,H,A,-0.034
3MZG,A,97,H,A,0.062
3MZG,B,188,H,A,0.447
3MZW,B,23,N,A,-0.025
3MZW,B,23,N,G,-0.073
3MZW,B,23,N,T,0.145
3N06,A,27,A,H,-0.091
3N0P,A,30,A,H,-0.874
3N4I,A,104,E,D,-4.384
3N85,H,32,S,A,0.134
3N85,H,32,S,Y,-0.057
3N85,H,50,S,G,-0.488
3N85,H,52,S,Y,0.785
3N85,H,96,W,F,0.015
3N85,H,30,W,K,0.785
3N85,H,30,W,R,0.554
3N85,L,91,W,F,-0.14
3N85,L,94,W,Y,0.039
3NCB,A,180,A,H,-0.686
3NCC,B,188,A,H,-0.447
3NGB,H,56,A,G,0.056
3NGB,H,99,D,A,-0.059
3NGB,L,96,E,A,-1.299
3NGB,L,97,F,A,-0.845
3NGB,H,54,G,A,1.256
3NGB,H,54,G,S,-0.743
3NGB,H,55,G,A,-1.245
3NGB,H,30,I,A,0.003
3NGB,H,30,I,T,-0.073
3NGB,H,52,K,A,-0.613
3NGB,H,52,K,N,-0.175
3NGB,H,69,M,A,-0.522
3NGB,H,100a,N,A,-1.101
3NGB,H,58,N,A,-1.739
3NGB,H,62,P,A,0.042
3NGB,H,62,P,K,-0.233
3NGB,H,64,Q,A,0.335
3NGB,L,27,Q,A,0.227
3NGB,H,53,R,A,0.255
3NGB,H,53,R,N,-0.046
3NGB,H,61,R,A,-0.98
3NGB,H,61,R,Q,-0.097
3NGB,H,71,R,A,-1.617
3NGB,L,30,S,A,0.142
3NGB,H,33,T,A,-0.696
3NGB,H,33,T,Y,-0.084
3NGB,H,57,V,A,-1.337
3NGB,H,57,V,T,-0.138
3NGB,H,73,V,A,-1.07
3NGB,H,73,V,T,-0.165
3NGB,L,3,V,A,0.761
3NGB,H,100b,W,A,-4.391
3NGB,H,47,W,A,-1.183
3NGB,H,50,W,A,-1.271
3NGB,H,100,Y,A,-1.401
3NGB,H,59,Y,A,-0.54
3NGB,H,74,Y,A,0.196
3NGB,H,74,Y,S,-0.333
3NGB,L,28,Y,A,-0.969
3NGB,L,28,Y,S,-0.652
3NGB,L,91,Y,A,-1.99
3NPS,A,217,D,A,-1.467
3NPS,A,60a,D,A,-0.34
3NPS,A,60b,D,A,-1.068
3NPS,A,96,D,A,-1.508
3NPS,A,169,E,A,-0.616
3NPS,A,60e,F,A,-0.22
3NPS,A,94,F,A,-1.572
3NPS,A,97,F,A,-0.464
3NPS,A,143,H,A,-1.876
3NPS,A,41,I,A,-0.642
3NPS,A,60,I,A,0.332
3NPS,A,224,K,A,0.104
3NPS,A,153,L,A,-0.296
3NPS,A,95,N,A,-0.254
3NPS,A,145,Q,A,-0.296
3NPS,A,174,Q,A,0.059
3NPS,A,175,Q,A,-0.741
3NPS,A,221a,Q,A,0.041
3NPS,A,38,Q,A,-0.026
3NPS,A,222,R,A,0.084
3NPS,A,60c,R,A,1.063
3NPS,A,60f,R,A,-0.138
3NPS,A,87,R,A,0.152
3NPS,A,150,T,A,-0.175
3NPS,A,98,T,A,-0.724
3NPS,A,146,Y,A,-1.776
3NPS,A,60g,Y,A,-0.452
3NVN,A,207,R,E,-2.487
3NVN,B,222,R,S,-1.269
3NVQ,A,202,R,E,-1.546
3NVQ,A,204,R,E,-1.561
3PWP,C,2,G,L,0.634
3Q3J,B,114,Y,F,-0.211
3Q8D,A,228,F,A,-0.303
3Q8D,A,228,F,D,-3.031
3Q8D,A,13,R,A,-0.359
3Q8D,A,132,R,A,-3.031
3Q8D,A,203,R,A,-0.458
3Q8D,A,203,R,E,-1.384
3Q8D,A,210,R,A,-1.323
3Q8D,A,210,R,E,-3.031
3Q8D,A,229,R,A,-0.359
3Q8D,A,229,R,E,-1.207
3Q8D,A,98,R,A,-0.458
3QDG,E,55,A,P,0.066
3QDG,D,26,D,W,1.562
3QDG,D,26,D,Y,1.794
3QDG,E,100,F,W,-0.935
3QDG,E,100,F,Y,-1.395
3QDG,D,28,G,I,-0.866
3QDG,D,28,G,L,-1.389
3QDG,D,28,G,N,-0.852
3QDG,D,28,G,P,-1.092
3QDG,D,28,G,Y,-1.503
3QDG,E,98,L,W,0.703
3QDG,D,27,R,P,-0.138
3QDG,D,27,R,W,-0.596
3QDG,E,102,T,F,0.039
3QDJ,C,2,A,L,-2.3
3QDJ,E,55,A,P,-0.207
3QDJ,D,26,D,W,2.172
3QDJ,D,26,D,Y,1.337
3QDJ,E,100,F,W,-0.39
3QDJ,E,100,F,Y,-0.778
3QDJ,D,28,G,I,0.105
3QDJ,D,28,G,L,-0.655
3QDJ,D,28,G,N,-0.411
3QDJ,D,28,G,P,-1.225
3QDJ,D,28,G,Y,-0.556
3QDJ,E,98,L,W,0.808
3QDJ,D,27,R,P,-0.04
3QDJ,D,27,R,W,-0.217
3QDJ,E,102,T,F,0.276
3QFJ,C,5,F,Y,0.17
3QHY,B,167,D,A,-0.38
3QHY,B,52,D,A,-2.255
3QHY,B,170,D,A,-0.961
3QHY,B,206,D,A,-3.498
3QHY,B,131,D,A,-1.889
3QHY,B,268,E,A,-3.013
3QHY,B,209,F,A,-2.062
3QHY,B,230,F,A,-3.075
3QHY,B,74,F,A,-3.985
3QHY,B,229,I,A,-3.068
3QHY,B,91,L,A,-0.816
3QHY,B,50,N,A,-2.255
3QHY,B,304,N,A,-2.696
3QHY,B,112,N,A,-1.606
3QHY,B,286,R,A,-0.535
3QHY,B,169,S,A,0.085
3QHY,B,57,T,A,-0.056
3QHY,B,152,W,A,-3.79
3QHY,B,53,W,A,-2.864
3QHY,B,269,W,A,-5.433
3QHY,B,191,Y,A,-3.424
3QHY,B,208,Y,A,-1.743
3QHY,B,248,Y,A,-0.24
3QHY,B,73,Y,A,-2.903
3QHY,B,113,Y,A,-0.801
3QIB,A,61,A,G,-0.892
3QIB,A,64,A,G,-0.61
3QIB,A,68,A,G,-0.845
3QIB,B,73,A,G,-2.204
3QIB,B,76,D,A,-0.863
3QIB,A,75,E,A,0.0
3QIB,B,59,E,A,0.0
3QIB,B,66,E,A,-1.213
3QIB,B,69,E,A,-1.821
3QIB,B,81,H,A,-0.052
3QIB,A,67,K,A,-0.566
3QIB,P,9,K,A,-3.139
3QIB,P,9,K,R,-2.237
3QIB,D,96,L,P,0.37
3QIB,C,95,N,P,-0.787
3QIB,A,57,Q,A,-0.265
3QIB,B,64,Q,A,-1.764
3QIB,C,90,R,P,0.119
3QIB,B,63,S,A,-0.026
3QIB,B,77,T,A,-0.75
3QIB,P,12,T,A,-3.139
3QIB,P,12,T,N,-1.224
3QIB,P,12,T,S,-1.076
3QIB,P,7,Y,A,-3.139
3QIB,P,7,Y,F,-0.108
3R9A,A,328,A,W,-0.339
3R9A,A,170,G,R,-0.049
3R9A,A,336,V,D,0.0
3R9A,A,330,Y,A,-1.015
3R9A,A,330,Y,W,-0.482
3RF3,C,495,A,K,-1.729
3S9D,A,145,A,G,-2.077
3S9D,A,145,A,M,-1.058
3S9D,A,19,A,W,0.181
3S9D,B,78,A,M,0.168
3S9D,A,32,D,A,-0.38
3S9D,A,35,D,A,-0.24
3S9D,B,138,D,R,0.062
3S9D,B,51,D,A,0.0
3S9D,B,104,D,A,-1.048
3S9D,A,132,E,A,0.132
3S9D,A,41,E,A,0.0
3S9D,A,96,E,A,-0.17
3S9D,B,28,E,R,0.0
3S9D,B,50,E,A,-0.199
3S9D,B,50,E,R,-0.651
3S9D,B,77,E,A,-2.412
3S9D,A,27,F,A,-0.519
3S9D,A,64,F,A,-0.17
3S9D,A,34,H,A,-0.411
3S9D,B,187,H,A,0.0
3S9D,B,76,H,A,-0.631
3S9D,B,97,H,A,-0.044
3S9D,A,24,I,A,0.132
3S9D,B,45,I,A,-1.775
3S9D,B,103,I,A,-1.496
3S9D,A,131,K,A,-0.278
3S9D,A,133,K,A,-0.775
3S9D,A,134,K,A,-0.056
3S9D,A,31,K,A,-0.493
3S9D,A,70,K,A,0.0
3S9D,A,83,K,A,0.0
3S9D,A,121,K,A,-0.108
3S9D,B,48,K,A,-0.314
3S9D,B,53,K,A,-0.38
3S9D,A,153,L,A,-1.336
3S9D,A,26,L,A,-1.01
3S9D,A,30,L,A,-3.682
3S9D,A,30,L,V,-2.641
3S9D,A,80,L,A,-0.303
3S9D,A,15,L,A,-1.279
3S9D,A,128,L,A,0.062
3S9D,A,148,M,A,-2.289
3S9D,A,16,M,A,-0.124
3S9D,B,46,M,A,-3.682
3S9D,B,46,M,V,-1.824
3S9D,A,156,N,A,0.085
3S9D,A,65,N,A,0.0
3S9D,A,93,N,A,-0.17
3S9D,B,98,N,A,0.211
3S9D,A,40,Q,A,-0.019
3S9D,A,62,Q,A,0.0
3S9D,A,90,Q,A,-0.17
3S9D,A,144,R,A,-2.185
3S9D,A,149,R,A,-3.074
3S9D,A,22,R,A,-0.17
3S9D,A,23,R,A,-0.359
3S9D,A,33,R,A,-3.682
3S9D,A,33,R,K,-4.674
3S9D,A,33,R,Q,-6.082
3S9D,A,12,R,A,-0.622
3S9D,A,120,R,K,-0.031
3S9D,A,125,R,A,-0.348
3S9D,B,73,R,A,-0.17
3S9D,A,152,S,A,-0.904
3S9D,A,25,S,A,0.211
3S9D,A,28,S,A,0.0
3S9D,A,68,S,A,0.0
3S9D,A,73,S,A,-0.17
3S9D,B,47,S,A,-0.467
3S9D,B,74,S,A,-0.314
3S9D,A,69,T,A,0.0
3S9D,A,79,T,A,-0.17
3S9D,A,86,T,A,-0.17
3S9D,B,44,T,A,-1.52
3S9D,B,75,T,A,-0.256
3S9D,B,80,V,A,-2.318
3S9D,B,72,W,F,-0.725
3S9D,B,100,W,A,-0.742
3S9D,A,85,Y,A,-0.303
3S9D,A,89,Y,A,-0.303
3S9D,B,43,Y,A,-1.308
3SE3,A,132,D,A,-0.543
3SE3,A,111,E,A,-0.713
3SE3,A,238,F,A,-1.497
3SE3,A,290,F,A,0.0
3SE3,A,96,F,A,-0.411
3SE3,A,113,K,A,-1.497
3SE3,A,131,L,A,0.0
3SE3,A,155,N,T,-0.133
3SE3,A,242,N,A,-0.543
3SE3,A,245,N,A,-0.211
3SE3,A,68,N,A,0.348
3SE3,A,241,R,A,-0.411
3SE3,A,135,S,A,-0.543
3SE3,A,182,S,A,0.239
3SE3,A,181,T,A,0.156
3SE3,A,163,Y,A,-0.411
3SE3,A,70,Y,A,-1.497
3SE4,A,132,D,A,-0.132
3SE4,C,77,E,A,-1.364
3SE4,A,238,F,A,-1.364
3SE4,A,290,F,A,-0.211
3SE4,C,187,H,A,0.411
3SE4,C,76,H,A,0.61
3SE4,C,103,I,A,-1.209
3SE4,B,152,K,A,-1.775
3SE4,B,152,K,R,0.975
3SE4,A,131,L,A,-0.132
3SE4,B,32,L,A,-2.728
3SE4,B,148,M,A,-0.573
3SE4,C,46,M,A,-1.666
3SE4,C,46,M,V,-1.165
3SE4,A,155,N,T,-0.411
3SE4,A,242,N,A,0.0
3SE4,A,245,N,A,-0.303
3SE4,B,28,P,A,0.17
3SE4,B,28,P,L,-0.924
3SE4,A,241,R,A,-0.303
3SE4,A,135,S,A,0.0
3SE4,C,47,S,A,-0.212
3SE4,A,181,T,A,0.543
3SE4,C,44,T,A,-1.364
3SE4,C,80,V,A,-1.165
3SE4,A,163,Y,A,0.278
3SE4,A,70,Y,A,-1.364
3SE8,H,99,D,A,0.383
3SE8,H,100c,D,A,0.24
3SE8,L,50,D,A,-0.842
3SE8,L,1,E,A,0.548
3SE8,L,96,E,A,-1.489
3SE8,H,100d,F,A,-1.05
3SE8,L,91,F,A,0.85
3SE8,L,97,F,A,-0.819
3SE8,H,55,G,A,-0.351
3SE8,H,52,K,A,-1.094
3SE8,H,53,L,A,-0.054
3SE8,L,31,N,A,-0.191
3SE8,H,76a,P,A,-0.019
3SE8,H,76d,P,A,0.07
3SE8,H,62,Q,A,-1.097
3SE8,H,64,Q,A,-0.541
3SE8,H,75,Q,A,-0.095
3SE8,L,27,Q,A,0.213
3SE8,H,30,R,A,0.039
3SE8,H,61,R,A,-1.187
3SE8,H,71,R,A,-2.602
3SE8,H,58,S,A,-1.132
3SE8,H,57,V,A,-1.23
3SE8,H,47,W,A,-1.451
3SE8,H,50,W,A,-1.312
3SE8,H,54,W,A,-0.749
3SE8,H,100,Y,A,-0.817
3SE8,H,59,Y,A,-0.842
3SE9,H,74,D,A,0.754
3SE9,L,96,E,A,-0.411
3SE9,L,97,F,A,-0.023
3SE9,H,100,G,A,0.303
3SE9,H,100a,G,A,0.605
3SE9,H,100c,G,A,-0.182
3SE9,H,54,G,A,-0.445
3SE9,H,59,G,A,-0.046
3SE9,L,31,G,A,-0.456
3SE9,H,34,L,A,-0.557
3SE9,L,91,L,A,-0.949
3SE9,H,57,N,A,-1.497
3SE9,H,61,P,A,0.435
3SE9,H,64,R,A,-1.446
3SE9,H,71,R,A,-2.636
3SE9,H,73,R,A,0.228
3SE9,H,99,T,A,0.435
3SE9,H,53,T,A,0.845
3SE9,H,52b,V,A,0.845
3SE9,H,56,V,A,-0.968
3SE9,L,3,V,A,0.486
3SE9,H,47,W,A,-1.041
3SE9,H,50,W,A,-1.255
3SE9,H,98,Y,A,-0.456
3SE9,L,30,Y,A,-1.1
3SEK,C,60,F,A,-2.229
3SEK,C,60,F,E,-4.456
3SEK,C,24,L,E,-2.887
3SEK,C,57,L,A,-2.681
3SEK,C,57,L,E,-4.456
3SEK,C,61,L,A,-3.409
3SEK,C,61,L,E,-4.216
3SF4,D,42,E,R,-1.926
3SF4,D,50,K,D,-0.411
3SF4,A,283,N,R,-1.226
3SF4,A,221,R,E,-2.365
3SF4,D,31,W,A,-3.074
3SGB,I,15,A,C,-0.042
3SGB,I,15,A,D,-0.476
3SGB,I,15,A,E,-0.671
3SGB,I,15,A,F,1.181
3SGB,I,15,A,G,-2.486
3SGB,I,15,A,H,0.453
3SGB,I,15,A,I,0.453
3SGB,I,15,A,K,-2.491
3SGB,I,15,A,L,-0.169
3SGB,I,15,A,M,-0.089
3SGB,I,15,A,N,0.089
3SGB,I,15,A,P,-0.553
3SGB,I,15,A,Q,-0.43
3SGB,I,15,A,R,-2.036
3SGB,I,15,A,S,-0.911
3SGB,I,15,A,T,-0.331
3SGB,I,15,A,V,0.785
3SGB,I,15,A,W,1.554
3SGB,I,15,A,Y,1.647
3SGB,I,19,E,A,-1.019
3SGB,I,19,E,C,-1.175
3SGB,I,19,E,D,-0.553
3SGB,I,19,E,F,-1.944
3SGB,I,19,E,G,-2.105
3SGB,I,19,E,H,-0.526
3SGB,I,19,E,I,0.623
3SGB,I,19,E,K,-0.169
3SGB,I,19,E,L,-0.779
3SGB,I,19,E,M,0.189
3SGB,I,19,E,N,-1.102
3SGB,I,19,E,P,-2.275
3SGB,I,19,E,Q,-0.184
3SGB,I,19,E,R,-1.275
3SGB,I,19,E,S,-1.944
3SGB,I,19,E,T,-2.143
3SGB,I,19,E,V,-0.128
3SGB,I,19,E,W,-1.548
3SGB,I,19,E,Y,-0.779
3SGB,I,32,G,A,-1.223
3SGB,I,32,G,C,-2.612
3SGB,I,32,G,D,-1.625
3SGB,I,32,G,E,-1.973
3SGB,I,32,G,F,-3.022
3SGB,I,32,G,H,-2.738
3SGB,I,32,G,I,-4.093
3SGB,I,32,G,K,-2.525
3SGB,I,32,G,L,-2.658
3SGB,I,32,G,M,-2.794
3SGB,I,32,G,N,-2.275
3SGB,I,32,G,P,-1.097
3SGB,I,32,G,Q,-2.956
3SGB,I,32,G,R,-3.508
3SGB,I,32,G,S,-1.608
3SGB,I,32,G,T,-3.034
3SGB,I,32,G,V,-2.728
3SGB,I,32,G,W,-3.912
3SGB,I,32,G,Y,-3.096
3SGB,I,13,K,A,2.572
3SGB,I,13,K,C,0.585
3SGB,I,13,K,D,0.623
3SGB,I,13,K,E,-0.032
3SGB,I,13,K,F,0.726
3SGB,I,13,K,G,0.726
3SGB,I,13,K,H,0.401
3SGB,I,13,K,I,1.345
3SGB,I,13,K,L,1.817
3SGB,I,13,K,M,1.166
3SGB,I,13,K,N,0.66
3SGB,I,13,K,P,0.0
3SGB,I,13,K,Q,0.623
3SGB,I,13,K,R,0.693
3SGB,I,13,K,S,2.588
3SGB,I,13,K,T,1.949
3SGB,I,13,K,V,0.955
3SGB,I,13,K,W,0.013
3SGB,I,13,K,Y,0.585
3SGB,I,18,L,A,-2.989
3SGB,I,18,L,C,0.013
3SGB,I,18,L,D,-5.669
3SGB,I,18,L,E,-5.983
3SGB,I,18,L,F,-1.374
3SGB,I,18,L,G,-5.003
3SGB,I,18,L,H,-1.714
3SGB,I,18,L,I,-4.481
3SGB,I,18,L,K,-3.182
3SGB,I,18,L,M,-0.43
3SGB,I,18,L,N,-3.4
3SGB,I,18,L,P,-8.446
3SGB,I,18,L,Q,-2.604
3SGB,I,18,L,R,-3.367
3SGB,I,18,L,S,-4.158
3SGB,I,18,L,T,-3.205
3SGB,I,18,L,V,-3.034
3SGB,I,18,L,W,-1.865
3SGB,I,18,L,Y,-1.676
3SGB,I,28,N,S,-0.01
3SGB,I,36,N,A,-0.331
3SGB,I,36,N,C,-0.35
3SGB,I,36,N,D,-0.911
3SGB,I,36,N,E,-0.963
3SGB,I,36,N,F,0.141
3SGB,I,36,N,G,-0.312
3SGB,I,36,N,H,0.125
3SGB,I,36,N,I,-0.198
3SGB,I,36,N,K,-0.579
3SGB,I,36,N,L,-0.741
3SGB,I,36,N,M,-0.141
3SGB,I,36,N,P,-0.579
3SGB,I,36,N,Q,-0.244
3SGB,I,36,N,R,-0.579
3SGB,I,36,N,S,-0.409
3SGB,I,36,N,T,-0.01
3SGB,I,36,N,V,0.242
3SGB,I,36,N,W,-0.526
3SGB,I,36,N,Y,0.109
3SGB,I,14,P,A,0.189
3SGB,I,14,P,C,0.327
3SGB,I,14,P,D,1.033
3SGB,I,14,P,E,0.623
3SGB,I,14,P,F,0.345
3SGB,I,14,P,G,-0.054
3SGB,I,14,P,H,-0.278
3SGB,I,14,P,I,0.024
3SGB,I,14,P,K,-0.114
3SGB,I,14,P,L,0.141
3SGB,I,14,P,M,0.501
3SGB,I,14,P,N,0.125
3SGB,I,14,P,Q,0.316
3SGB,I,14,P,R,-0.312
3SGB,I,14,P,S,-0.066
3SGB,I,14,P,T,0.109
3SGB,I,14,P,V,0.31
3SGB,I,14,P,W,0.501
3SGB,I,14,P,Y,0.401
3SGB,I,21,R,A,-0.054
3SGB,I,21,R,C,-0.553
3SGB,I,21,R,D,-0.639
3SGB,I,21,R,E,-0.671
3SGB,I,21,R,F,-0.228
3SGB,I,21,R,G,-1.107
3SGB,I,21,R,H,-0.454
3SGB,I,21,R,I,-0.244
3SGB,I,21,R,K,0.278
3SGB,I,21,R,L,-0.228
3SGB,I,21,R,M,-0.128
3SGB,I,21,R,N,-0.331
3SGB,I,21,R,P,-7.684
3SGB,I,21,R,Q,-0.042
3SGB,I,21,R,S,-0.278
3SGB,I,21,R,T,-0.454
3SGB,I,21,R,V,0.024
3SGB,I,21,R,W,-0.312
3SGB,I,21,R,Y,-0.294
3SGB,I,17,T,A,-3.592
3SGB,I,17,T,C,-2.926
3SGB,I,17,T,D,-4.956
3SGB,I,17,T,E,-4.797
3SGB,I,17,T,F,-3.639
3SGB,I,17,T,G,-5.584
3SGB,I,17,T,H,-3.508
3SGB,I,17,T,I,-1.753
3SGB,I,17,T,K,-2.036
3SGB,I,17,T,L,-2.471
3SGB,I,17,T,M,-2.036
3SGB,I,17,T,N,-3.254
3SGB,I,17,T,P,-3.182
3SGB,I,17,T,Q,-2.94
3SGB,I,17,T,R,-1.973
3SGB,I,17,T,S,-2.466
3SGB,I,17,T,V,-2.548
3SGB,I,17,T,W,-3.034
3SGB,I,17,T,Y,-3.367
3SGB,I,20,Y,A,-1.944
3SGB,I,20,Y,C,-1.695
3SGB,I,20,Y,D,-2.912
3SGB,I,20,Y,E,-2.036
3SGB,I,20,Y,F,-0.169
3SGB,I,20,Y,G,-2.842
3SGB,I,20,Y,H,-1.714
3SGB,I,20,Y,I,-3.592
3SGB,I,20,Y,K,-3.433
3SGB,I,20,Y,L,-1.576
3SGB,I,20,Y,M,-2.003
3SGB,I,20,Y,N,-3.159
3SGB,I,20,Y,P,-6.276
3SGB,I,20,Y,Q,-3.281
3SGB,I,20,Y,R,-2.761
3SGB,I,20,Y,S,-2.036
3SGB,I,20,Y,T,-4.872
3SGB,I,20,Y,V,-4.422
3SGB,I,20,Y,W,-0.389
3SZK,C,205,D,A,-0.674
3SZK,C,206,D,A,-0.696
3SZK,C,133,D,A,-0.204
3SZK,C,136,D,A,-0.204
3SZK,C,208,E,A,-0.838
3SZK,C,209,E,A,-0.696
3SZK,C,128,F,A,-2.219
3SZK,C,129,F,A,-2.201
3SZK,C,207,G,A,-0.375
3SZK,C,127,H,A,-2.537
3SZK,C,141,K,A,-0.096
3SZK,C,142,K,A,0.036
3SZK,C,120,N,A,-0.125
3SZK,C,151,N,A,-0.204
3SZK,C,124,Q,A,-0.767
3SZK,C,154,S,A,-1.514
3SZK,C,123,T,A,-0.932
3SZK,C,155,T,A,-1.469
3SZK,C,112,V,A,-0.096
3SZK,C,125,Y,A,-2.905
3SZK,C,126,Y,A,-2.982
3TGK,E,194,N,D,0.17
3U82,B,80,I,A,-2.596
3UIG,A,71,D,A,-2.039
3UIG,A,51,E,A,-0.647
3UIG,A,65,E,A,-1.759
3UIG,A,76,E,A,-1.793
3UIG,A,62,K,A,-0.447
3UII,A,62,K,A,-0.046
3VR6,G,169,A,S,0.341
3VR6,G,170,L,N,-0.71
3VR6,G,28,L,N,-0.31
3VR6,G,29,L,N,-0.675
3VR6,G,165,R,A,-0.83
3VR6,G,166,R,A,-0.899
3W2D,A,98,K,N,-4.624
3W2D,A,98,K,R,0.428
3W2D,A,73,Y,F,-0.878
3W2D,A,73,Y,L,-2.366
3WWN,A,231,K,E,-0.156
3WWN,A,227,R,E,0.337
3WWN,A,230,R,E,-1.294
4B0M,B,141,A,G,-0.298
4B0M,M,43,L,A,-1.909
4B0M,A,8,M,A,-0.43
4B0M,M,103,P,A,-0.406
4B0M,M,103,P,S,-0.758
4B0M,M,104,P,A,-1.916
4B0M,M,104,P,S,-1.994
4B0M,M,40,Y,A,-1.653
4B0M,M,12,Y,G,-0.629
4BFI,B,96,F,A,-2.077
4BFI,B,96,F,D,-2.728
4BFI,B,100,K,E,-2.318
4BFI,B,30,L,K,-2.077
4BFI,B,92,L,A,-1.307
4BFI,B,44,N,A,-2.318
4BFI,B,44,N,D,-2.728
4BFI,B,94,N,K,-2.728
4BFI,B,27,Q,K,0.22
4BFI,B,7,Q,K,0.012
4BFI,B,18,S,D,-0.031
4CPA,I,36,P,G,-2.596
4CPA,I,38,V,A,-2.326
4CPA,I,38,V,F,0.0
4CPA,I,38,V,G,-3.735
4CPA,I,38,V,I,-0.199
4CPA,I,38,V,L,-1.279
4CPA,I,37,Y,F,0.0
4CPA,I,37,Y,G,-0.502
4CVW,A,730,D,R,-3.048
4CVW,A,730,D,W,-1.221
4CVW,C,41,L,G,-2.728
4CVW,C,41,L,W,-0.336
4CVW,C,34,R,A,-1.829
4CVW,C,38,R,A,-2.077
4CVW,C,38,R,W,-1.491
4CVW,C,42,V,D,-4.921
4E6K,G,40,K,A,-0.502
4E6K,G,5,L,A,-1.903
4E6K,G,2,Y,F,-0.697
4EKD,A,183,C,R,0.056
4FTV,D,99,D,A,-1.014
4FTV,D,68,K,A,1.58
4FTV,E,102,Q,E,-0.056
4FTV,E,102,Q,R,-0.411
4FTV,A,65,R,A,-3.827
4FTV,A,163,T,A,-0.361
4FZA,B,138,E,A,-0.425
4FZA,A,178,F,E,-0.543
4FZA,A,227,R,A,-1.028
4FZA,A,223,Y,A,-1.271
4G0N,B,85,A,K,1.109
4G0N,A,33,D,A,-1.065
4G0N,A,38,D,A,-3.194
4G0N,A,31,E,A,-0.486
4G0N,A,37,E,A,-1.743
4G0N,B,61,F,W,-0.603
4G0N,A,27,H,A,0.291
4G0N,A,21,I,A,-0.871
4G0N,A,36,I,A,-1.743
4G0N,B,65,K,A,-1.832
4G0N,B,65,K,E,-1.917
4G0N,B,65,K,M,-1.323
4G0N,B,84,K,A,-2.13
4G0N,B,84,K,E,-5.066
4G0N,B,64,N,A,-0.097
4G0N,B,64,N,D,-1.809
4G0N,B,71,N,R,0.698
4G0N,B,66,Q,A,-1.646
4G0N,A,41,R,A,0.581
4G0N,B,67,R,A,-1.937
4G0N,B,89,R,L,-5.359
4G0N,B,59,R,A,-1.646
4G0N,A,39,S,A,-0.291
4G0N,A,35,T,A,-2.629
4G0N,A,35,T,S,-2.214
4G0N,B,68,T,A,-1.453
4G0N,A,45,V,A,0.291
4G0N,B,69,V,A,-0.968
4G0N,B,88,V,A,-0.097
4G0N,B,88,V,I,-0.552
4G2V,A,283,N,R,-0.222
4G2V,A,221,R,E,-2.237
4GNK,A,311,K,A,-0.099
4GNK,B,876,L,A,1.421
4GNK,B,652,T,E,0.189
4GXU,A,190,D,E,-2.166
4GXU,A,225,D,G,-1.962
4HFK,B,64,E,A,-1.189
4HFK,B,74,E,A,-0.942
4HFK,B,63,L,A,-2.525
4HFK,B,68,L,A,-0.03
4HFK,B,67,N,A,0.02
4HFK,B,40,R,A,-1.392
4HFK,B,66,S,A,-0.202
4HFK,D,91,T,A,-1.85
4HRN,D,55,F,A,-2.461
4HRN,D,25,L,A,-2.598
4HRN,D,51,S,A,-0.803
4HRN,D,52,V,A,-2.812
4HSA,A,86,H,S,0.123
4HSA,A,55,R,V,-0.581
4HSA,A,67,W,V,0.222
4HSA,A,85,Y,I,-0.118
4I77,H,54,D,A,-2.125
4I77,L,91,N,A,-1.722
4I77,H,52,W,A,-2.115
4I77,H,52,W,F,-2.1
4I77,H,97,Y,A,0.0
4I77,H,97,Y,F,0.0
4I77,H,98,Y,A,-0.942
4I77,H,98,Y,F,0.0
4I77,H,100,Y,A,-1.692
4I77,H,100,Y,F,0.0
4I77,L,28,Y,A,0.0
4I77,L,28,Y,F,0.0
4J2L,A,686,L,E,0.631
4J2L,C,40,L,S,-1.688
4J2L,A,602,S,D,0.97
4J2L,A,591,V,A,-0.09
4J2L,C,37,W,A,-2.231
4JEU,B,233,I,A,-3.242
4JEU,B,8,L,A,-1.109
4JEU,A,171,R,A,0.411
4JEU,A,39,R,C,-0.91
4JEU,B,4,R,A,-1.128
4JEU,B,5,T,A,-0.181
4JFD,C,4,A,G,6.518
4JFE,C,7,A,I,6.43
4JFF,C,1,E,A,-7.323
4JFF,C,4,G,A,-6.518
4JFF,C,6,G,A,-6.595
4JFF,C,7,I,A,-6.43
4JFF,C,8,L,A,-6.199
4JFF,C,9,T,A,-6.534
4JGH,D,53,W,A,-2.049
4JPK,A,141,D,R,-3.859
4JPK,A,144,F,I,-1.388
4JPK,A,63,F,L,-1.168
4JPK,A,130,R,K,-0.23
4JPK,A,81,R,T,-0.759
4JPK,A,41,S,G,-2.153
4JPK,A,35,T,S,0.032
4JPK,A,30,V,N,-0.595
4K71,A,547,A,V,-2.032
4K71,A,505,G,E,-0.742
4K71,A,464,H,A,-1.052
4K71,A,464,H,F,-1.01
4K71,B,161,H,A,-0.644
4K71,B,161,H,F,-0.185
4KRL,B,112,D,A,-0.65
4KRL,B,30,R,A,-1.721
4KRO,B,104,D,A,-1.505
4KRO,B,27,R,A,-1.584
4KRP,B,113,E,A,-1.607
4L0P,A,53,E,K,-2.666
4L0P,A,85,N,S,-0.314
4L0P,A,46,S,F,-0.056
4L0P,A,37,T,K,0.0
4L0P,A,166,T,N,-0.278
4L0P,A,102,T,Q,-1.472
4L3E,A,166,E,A,-1.218
4L3E,D,52,N,A,0.46
4L3E,A,155,Q,A,-1.259
4L3E,A,65,R,A,-1.302
4L3E,D,26,Y,A,-2.785
4L3E,D,50,Y,A,-0.468
4L3E,E,51,Y,A,-2.228
4LRX,A,56,H,N,-0.326
4MNQ,C,4,K,A,-4.936
4MNQ,C,6,L,A,-4.149
4MYW,B,80,I,A,-2.573
4N8V,G,44,K,A,-0.588
4N8V,G,16,P,A,0.217
4N8V,G,134,Y,A,-0.12
4N8V,G,45,Y,F,-0.516
4NKQ,B,231,D,A,-0.11
4NKQ,B,281,D,A,-0.423
4NKQ,B,281,D,E,-0.468
4NKQ,B,281,D,N,-2.119
4NKQ,B,192,D,A,-0.158
4NKQ,B,192,D,R,-0.203
4NKQ,C,112,D,K,0.332
4NKQ,B,197,E,A,0.353
4NKQ,C,21,E,R,-2.64
4NKQ,B,196,I,A,0.05
4NKQ,C,19,I,G,-0.334
4NKQ,B,226,K,A,0.561
4NKQ,B,194,K,A,-0.386
4NKQ,B,194,K,D,-1.062
4NKQ,B,195,K,A,0.199
4NKQ,B,195,K,D,0.199
4NKQ,B,227,L,A,-0.236
4NKQ,C,28,L,D,0.235
4NKQ,B,171,N,A,-0.1
4NKQ,C,27,N,D,0.602
4NKQ,C,17,N,E,0.391
4NKQ,B,225,Q,A,0.399
4NKQ,B,261,R,Q,-0.332
4NKQ,B,283,R,A,-0.36
4NKQ,B,283,R,D,0.291
4NKQ,B,283,R,M,-1.864
4NKQ,B,170,R,A,-0.12
4NKQ,B,170,R,D,0.077
4NKQ,C,23,R,D,-0.111
4NKQ,C,24,R,D,0.206
4NKQ,B,228,S,A,-0.275
4NKQ,B,193,T,A,-0.319
4NKQ,B,172,Y,A,0.375
4NKQ,B,172,Y,F,0.234
4NM8,B,19,D,N,-0.651
4NM8,B,18,I,M,-0.108
4NM8,B,38,L,Y,0.605
4NM8,B,34,Q,R,-2.928
4NM8,B,34,Q,T,-2.293
4NM8,B,25,R,M,-3.387
4NM8,B,32,T,E,0.543
4NM8,B,32,T,I,0.049
4NM8,B,32,T,R,-1.202
4NZW,B,134,E,A,-0.357
4NZW,B,59,E,A,-0.325
4NZW,A,96,K,A,-0.076
4O27,B,138,E,A,-0.302
4O27,B,58,E,A,-0.371
4O27,A,96,K,A,-1.025
4O27,A,223,Y,A,-1.195
4OFY,A,58,D,A,-0.549
4OFY,A,108,E,A,-0.282
4OFY,A,60,F,A,-4.604
4OFY,D,61,L,A,-2.568
4OFY,A,56,M,A,-0.084
4OFY,A,54,Q,A,-1.177
4OFY,A,105,Q,A,-1.733
4OFY,D,53,Q,A,-2.87
4OFY,D,105,Q,A,-4.645
4OFY,D,115,R,A,-3.421
4OFY,A,107,S,A,-0.142
4OZG,H,114,D,A,-1.65
4OZG,H,108,F,A,-1.435
4OZG,H,110,F,A,-0.884
4OZG,G,57,L,A,-1.186
4OZG,G,36,N,A,0.072
4OZG,H,63,N,A,0.111
4OZG,H,57,Q,A,-0.805
4OZG,H,109,R,A,-1.744
4OZG,G,38,Y,A,-1.744
4OZG,G,40,Y,F,-1.744
4OZG,H,117,Y,F,-0.534
4OZG,H,55,Y,F,0.647
4P23,C,55,D,A,-0.992
4P23,D,76,D,A,-0.091
4P23,D,59,E,A,-0.091
4P23,D,66,E,A,-0.17
4P23,D,69,E,A,-0.17
4P23,D,84,E,A,-0.091
4P23,C,68,H,A,-0.617
4P23,D,81,H,A,-0.17
4P23,D,67,I,A,-0.17
4P23,C,39,K,A,-1.194
4P23,C,67,K,A,-0.683
4P23,C,75,K,A,-0.17
4P23,C,60,L,A,-0.954
4P23,C,62,N,A,-1.512
4P23,D,65,P,A,-0.091
4P23,C,57,Q,A,-0.973
4P23,C,61,Q,A,-1.911
4P23,D,64,Q,A,-0.17
4P23,D,70,R,A,-2.072
4P23,D,72,R,A,-0.091
4P23,D,80,R,A,-0.091
4P23,D,63,S,A,0.0
4P23,D,77,T,A,0.0
4P23,C,65,V,A,-1.167
4P23,C,72,V,A,0.0
4P23,D,60,Y,A,-0.24
4P5T,C,55,D,A,-0.617
4P5T,D,76,D,A,0.0
4P5T,D,59,E,A,-0.24
4P5T,D,66,E,A,-0.617
4P5T,D,69,E,A,-1.01
4P5T,D,84,E,A,0.0
4P5T,C,68,H,A,-1.01
4P5T,D,81,H,A,-0.796
4P5T,D,67,I,A,-0.091
4P5T,C,39,K,A,-1.139
4P5T,C,67,K,A,-0.992
4P5T,C,75,K,A,-0.359
4P5T,C,60,L,A,-1.01
4P5T,C,62,N,A,-1.496
4P5T,D,65,P,A,0.0
4P5T,C,57,Q,A,0.0
4P5T,C,61,Q,A,0.0
4P5T,D,64,Q,A,0.0
4P5T,D,70,R,A,-2.075
4P5T,D,72,R,A,0.0
4P5T,D,80,R,A,0.0
4P5T,D,63,S,A,0.0
4P5T,D,77,T,A,-0.821
4P5T,C,65,V,A,-0.869
4P5T,C,72,V,A,0.0
4P5T,D,60,Y,A,-0.17
4PWX,A,308,D,A,-1.143
4PWX,C,74,D,K,-0.371
4PWX,A,253,E,K,-1.729
4PWX,A,258,E,A,-1.039
4PWX,A,304,E,K,-1.729
4PWX,C,31,E,A,0.685
4PWX,C,81,E,K,-1.104
4PWX,A,246,F,A,-1.729
4PWX,C,33,H,A,0.348
4PWX,B,69,K,A,-0.202
4PWX,B,69,K,D,-0.119
4PWX,B,72,K,A,-0.448
4PWX,B,72,K,D,-0.262
4PWX,C,15,K,A,-0.468
4PWX,C,23,K,A,0.274
4PWX,A,257,Q,A,-1.014
4PWX,C,34,Q,A,0.178
4PWX,B,322,R,A,-1.729
4PWX,B,75,R,A,-0.359
4PWX,C,37,R,A,-1.729
4PWX,C,42,R,A,-1.729
4PWX,C,45,R,A,-0.335
4PWX,A,250,Y,A,-1.729
4PWX,C,29,Y,A,-0.755
4PWX,C,30,Y,A,-1.145
4RA0,C,92,A,V,-0.931
4RA0,C,127,R,G,-0.247
4RS1,A,48,D,A,-2.592
4RS1,A,48,D,K,-3.619
4RS1,A,112,D,A,-2.133
4RS1,A,112,D,K,-3.26
4RS1,A,112,D,N,-1.43
4RS1,A,112,D,R,-3.13
4RS1,A,45,E,A,-1.503
4RS1,A,45,E,K,-2.14
4RS1,A,108,E,A,-0.477
4RS1,A,108,E,K,-0.337
4RS1,A,108,E,Q,-0.925
4RS1,A,21,E,R,-0.394
4RS1,B,197,E,A,0.695
4RS1,A,119,F,A,-3.626
4RS1,A,19,I,G,-0.856
4RS1,B,196,I,A,0.276
4RS1,A,111,K,A,0.115
4RS1,A,111,K,E,-0.125
4RS1,A,111,K,Q,-0.274
4RS1,B,195,K,A,-0.871
4RS1,B,226,K,A,-0.276
4RS1,A,115,L,A,-2.366
4RS1,B,227,L,A,-0.072
4RS1,A,109,N,A,-1.29
4RS1,A,109,N,D,-0.296
4RS1,A,109,N,K,-0.91
4RS1,B,171,N,A,0.046
4RS1,A,99,Q,A,-0.47
4RS1,A,99,Q,E,-1.212
4RS1,B,225,Q,A,-1.354
4RS1,A,23,R,D,-0.178
4RS1,A,24,R,D,-0.19
4RS1,B,228,S,A,-0.616
4RS1,B,193,T,A,-0.481
4RS1,B,172,Y,A,0.656
4RS1,B,172,Y,F,0.449
4U6H,E,27,N,A,0.348
4U6H,E,31,Q,A,-0.119
4WND,A,283,N,R,0.021
4WND,A,221,R,E,-2.796
4X4M,E,174,H,A,-0.383
4X4M,E,174,H,E,-1.985
4X4M,E,173,K,A,-0.64
4X4M,E,173,K,E,-0.954
4X4M,E,175,R,A,-1.74
4X4M,E,175,R,E,-0.642
4Y61,B,114,R,A,0.193
4Y61,A,273,Y,A,0.078
4YEB,A,313,A,S,-0.069
4YEB,A,332,D,A,-1.368
4YEB,B,160,F,A,-2.417
4YEB,B,117,R,T,-0.278
4YFD,B,30,D,A,0.055
4YFD,A,286,E,A,-1.217
4YFD,B,94,K,A,-1.475
4YFD,A,196,R,A,-0.159
4YFD,A,75,R,A,-0.285
4YFD,B,27,W,A,-1.133
4YH7,B,292,D,A,-1.591
4YH7,B,37,D,A,-1.643
4YH7,A,196,R,A,-1.438
4YH7,A,75,R,A,-1.734
4YH7,A,273,Y,A,-1.035
4ZS6,A,536,E,A,-3.04
4ZS6,A,540,Y,A,0.11
5C6T,A,292,E,A,-1.091
5C6T,A,290,F,A,-1.998
5C6T,A,297,F,A,-2.759
5C6T,A,298,F,A,-0.411
5C6T,H,104,F,A,-1.461
5C6T,A,299,I,A,-0.886
5C6T,A,281,N,A,-0.284
5C6T,A,284,N,A,-0.363
5C6T,A,286,N,A,0.367
5C6T,H,102,N,A,-1.527
5C6T,H,31,R,S,-0.312
5C6T,L,51,R,A,-0.123
5C6T,H,32,S,A,0.869
5C6T,A,283,T,A,-0.338
5C6T,A,280,Y,A,-3.21
5C6T,H,109,Y,A,-0.363
5C6T,H,103,Y,A,-1.717
5C6T,L,50,Y,A,-0.552
5CXB,B,481,E,D,-0.365
5CXB,B,486,R,A,-0.564
5CXB,B,486,R,E,-2.68
5CXB,B,484,T,Q,-0.062
5CXB,B,488,V,W,-0.564
5CYK,B,486,E,A,2.116
5CYK,B,486,E,R,2.68
5E6P,A,1832,A,E,-1.118
5E6P,A,1833,A,E,-1.604
5E6P,B,66,I,A,-0.278
5E6P,B,68,L,A,-0.929
5E6P,B,88,R,A,-0.689
5E6P,B,88,R,E,-1.775
5E6P,A,1806,Y,A,-0.364
5E9D,E,99,A,Y,0.9
5E9D,D,28,G,E,0.479
5E9D,D,97,K,Q,-0.187
5E9D,E,28,N,G,-0.275
5E9D,D,51,S,G,0.036
5E9D,D,91,T,Q,0.574
5E9D,E,50,V,D,0.433
5E9D,D,50,Y,W,0.349
5F4E,A,72,D,A,-0.11
5F4E,A,71,E,A,-0.288
5F4E,A,71,E,K,-0.416
5F4E,B,45,E,A,-1.449
5F4E,B,45,E,K,-2.287
5F4E,A,157,H,A,-2.025
5F4E,B,163,K,A,-0.295
5F4E,B,163,K,E,-0.486
5F4E,B,81,L,A,-2.985
5F4E,A,130,Q,A,0.031
5F4E,A,160,R,A,-1.49
5F4E,A,160,R,E,-2.144
5F4E,B,62,W,A,-1.073
5K39,B,148,F,A,-2.718
5K39,B,154,I,A,-2.053
5K39,B,114,M,A,0.478
5K39,B,118,M,A,0.233
5K39,B,121,S,A,-0.45
5M2O,A,84,E,A,-0.7
5M2O,A,121,H,A,-0.883
5M2O,B,39,I,A,-2.026
5M2O,A,77,K,A,0.757
5M2O,B,54,K,A,-1.064
5M2O,A,79,L,A,-1.627
5M2O,B,87,L,A,-0.851
5M2O,A,124,N,A,-0.45
5M2O,A,68,N,A,-0.042
5M2O,A,75,N,A,-0.155
5M2O,B,47,Q,A,-1.145
5M2O,B,83,Q,A,0.158
5M2O,B,40,S,A,-0.047
5M2O,B,43,V,A,-2.444
5TAR,B,88,E,A,-1.127
5TAR,B,133,F,A,-0.249
5TAR,B,15,F,A,-0.232
5TAR,B,129,I,A,0.026
5TAR,B,20,M,A,0.215
5TAR,B,116,Q,A,-0.157
5TAR,B,32,W,A,-0.659
5TAR,B,90,W,A,-0.384
5UFE,A,12,G,C,0.396
5UFE,A,12,G,D,1.221
5UFE,A,12,G,V,0.728
5UFE,B,27,Q,R,-0.292
5UFQ,A,12,D,C,-0.982
5UFQ,A,12,D,G,-1.221
5UFQ,A,12,D,V,-0.651
5XCO,A,12,D,C,-0.811
5XCO,A,12,D,G,-1.11
5XCO,B,12,D,A,-2.797
5XCO,B,9,I,A,-2.797
5XCO,B,7,L,A,-2.748
5XCO,B,13,P,A,-0.635
5XCO,B,6,P,A,-1.079
5XCO,B,10,S,A,-1.286
5XCO,B,14,V,A,0.0
5XCO,B,11,Y,A,-1.9
5XCO,B,8,Y,A,-1.364
